LoanID,CustomerID,LoanType,LoanAmount,LoanTerm,InterestRate,DisbursementDate,DueDate,Collateral,RepaymentID,ScheduledPaymentDate,ActualPaymentDate,PaymentAmount,LatePaymentFees,PaymentStatus,Name,Age,Gender,MaritalStatus,EmploymentType,IncomeLevel,CreditScore,City,State
L0001,C0044,Business,3867,36,12.5,2023-01-12,2023-02-11,None,R0053,2024-03-26,2024-03-25,1627.0,0.0,Paid,Customer 44,34,Male,Married,Unemployed,High,459,Chicago,IL
L0001,C0044,Business,3867,36,12.5,2023-01-12,2023-02-11,None,R0260,2024-03-31,2024-04-03,190.0,1.0,Paid,Customer 44,34,Male,Married,Unemployed,High,459,Chicago,IL
L0001,C0044,Business,3867,36,12.5,2023-01-12,2023-02-11,None,R0317,2024-03-22,2024-03-24,779.0,78.0,Paid,Customer 44,34,Male,Married,Unemployed,High,459,Chicago,IL
L0002,C0052,Vehicle,5355,60,5.0,2024-02-01,2024-03-02,None,R0022,2024-03-14,2024-03-11,1227.0,0.0,Unpaid,Customer 52,65,Female,Widowed,Unemployed,High,554,Chicago,CA
L0002,C0052,Vehicle,5355,60,5.0,2024-02-01,2024-03-02,None,R0130,2024-04-04,2024-03-31,731.0,0.0,Paid,Customer 52,65,Female,Widowed,Unemployed,High,554,Chicago,CA
L0003,C0073,Mortgage,6082,24,5.0,2023-11-07,2023-12-07,Vehicle,R0185,2024-04-06,2024-04-06,1092.0,0.0,Paid,Customer 73,63,Male,Married,Self-employed,Medium,638,Phoenix,TX
L0003,C0073,Mortgage,6082,24,5.0,2023-11-07,2023-12-07,Vehicle,R0228,2024-03-22,2024-03-26,1349.0,83.0,Paid,Customer 73,63,Male,Married,Self-employed,Medium,638,Phoenix,TX
L0003,C0073,Mortgage,6082,24,5.0,2023-11-07,2023-12-07,Vehicle,R0268,2024-03-21,2024-03-23,855.0,25.0,Paid,Customer 73,63,Male,Married,Self-employed,Medium,638,Phoenix,TX
L0003,C0073,Mortgage,6082,24,5.0,2023-11-07,2023-12-07,Vehicle,R0394,2024-04-07,2024-04-12,1070.0,16.0,Paid,Customer 73,63,Male,Married,Self-employed,Medium,638,Phoenix,TX
L0004,C0078,Business,34747,48,12.5,2023-02-06,2023-03-08,Property,,,,,,,Customer 78,52,Male,Widowed,Unemployed,High,327,New York,TX
L0005,C0076,Vehicle,20513,60,5.0,2023-06-08,2023-07-08,Vehicle,R0003,2024-04-04,2024-04-02,1003.0,0.0,Paid,Customer 76,69,Male,Widowed,Salaried,Medium,746,Houston,NY
L0005,C0076,Vehicle,20513,60,5.0,2023-06-08,2023-07-08,Vehicle,R0093,2024-03-31,2024-03-28,634.0,0.0,Paid,Customer 76,69,Male,Widowed,Salaried,Medium,746,Houston,NY
L0005,C0076,Vehicle,20513,60,5.0,2023-06-08,2023-07-08,Vehicle,R0118,2024-04-02,2024-04-02,524.0,0.0,Paid,Customer 76,69,Male,Widowed,Salaried,Medium,746,Houston,NY
L0006,C0098,Business,41493,24,10.0,2023-12-28,2024-01-27,Vehicle,R0294,2024-03-30,2024-03-26,232.0,0.0,Paid,Customer 98,66,Female,Married,Salaried,Medium,532,Chicago,CA
L0006,C0098,Business,41493,24,10.0,2023-12-28,2024-01-27,Vehicle,R0376,2024-03-30,2024-03-30,791.0,0.0,Paid,Customer 98,66,Female,Married,Salaried,Medium,532,Chicago,CA
L0007,C0021,Business,11891,60,5.0,2024-01-15,2024-02-14,None,R0272,2024-03-09,2024-03-10,577.0,69.0,Paid,Customer 21,41,Female,Single,Salaried,Low,380,New York,TX
L0007,C0021,Business,11891,60,5.0,2024-01-15,2024-02-14,None,R0349,2024-04-01,2024-03-28,523.0,0.0,Paid,Customer 21,41,Female,Single,Salaried,Low,380,New York,TX
L0008,C0053,Vehicle,45678,60,12.5,2024-04-05,2024-05-05,Property,R0188,2024-04-05,2024-04-09,1729.0,97.0,Paid,Customer 53,68,Male,Widowed,Salaried,Medium,527,Los Angeles,TX
L0008,C0053,Vehicle,45678,60,12.5,2024-04-05,2024-05-05,Property,R0384,2024-03-10,2024-03-14,455.0,24.0,Unpaid,Customer 53,68,Male,Widowed,Salaried,Medium,527,Los Angeles,TX
L0008,C0053,Vehicle,45678,60,12.5,2024-04-05,2024-05-05,Property,R0391,2024-04-05,2024-04-04,891.0,0.0,Paid,Customer 53,68,Male,Widowed,Salaried,Medium,527,Los Angeles,TX
L0009,C0030,Mortgage,46831,36,12.5,2024-03-05,2024-04-04,None,R0328,2024-03-14,2024-03-18,472.0,77.0,Paid,Customer 30,21,Female,Divorced,Salaried,Low,496,Los Angeles,AZ
L0009,C0030,Mortgage,46831,36,12.5,2024-03-05,2024-04-04,None,R0338,2024-03-24,2024-03-20,703.0,0.0,Paid,Customer 30,21,Female,Divorced,Salaried,Low,496,Los Angeles,AZ
L0010,C0030,Mortgage,41463,60,7.5,2022-05-05,2022-06-04,Property,R0028,2024-03-09,2024-03-08,118.0,0.0,Paid,Customer 30,21,Female,Divorced,Salaried,Low,496,Los Angeles,AZ
L0011,C0070,Business,42943,24,10.0,2023-12-12,2024-01-11,None,R0287,2024-03-29,2024-04-02,540.0,41.0,Paid,Customer 70,46,Male,Widowed,Self-employed,Medium,553,Chicago,AZ
L0012,C0008,Business,20659,60,10.0,2024-01-25,2024-02-24,Property,,,,,,,Customer 8,67,Female,Married,Salaried,Low,689,Chicago,TX
L0013,C0060,Mortgage,46357,48,10.0,2023-12-02,2024-01-01,Vehicle,R0375,2024-03-16,2024-03-14,1627.0,0.0,Paid,Customer 60,60,Male,Divorced,Unemployed,Medium,718,Chicago,TX
L0014,C0064,Vehicle,5771,60,5.0,2022-10-03,2022-11-02,Property,R0122,2024-03-15,2024-03-15,300.0,0.0,Paid,Customer 64,68,Male,Married,Self-employed,High,643,New York,CA
L0014,C0064,Vehicle,5771,60,5.0,2022-10-03,2022-11-02,Property,R0347,2024-03-23,2024-03-20,838.0,0.0,Paid,Customer 64,68,Male,Married,Self-employed,High,643,New York,CA
L0015,C0078,Mortgage,2195,12,7.5,2023-05-13,2023-06-12,Vehicle,R0079,2024-04-03,2024-04-05,1251.0,52.0,Unpaid,Customer 78,52,Male,Widowed,Unemployed,High,327,New York,TX
L0015,C0078,Mortgage,2195,12,7.5,2023-05-13,2023-06-12,Vehicle,R0249,2024-03-11,2024-03-09,600.0,0.0,Paid,Customer 78,52,Male,Widowed,Unemployed,High,327,New York,TX
L0015,C0078,Mortgage,2195,12,7.5,2023-05-13,2023-06-12,Vehicle,R0307,2024-03-13,2024-03-12,1756.0,0.0,Unpaid,Customer 78,52,Male,Widowed,Unemployed,High,327,New York,TX
L0016,C0076,Personal,44558,36,5.0,2022-08-27,2022-09-26,None,R0319,2024-03-11,2024-03-11,144.0,0.0,Paid,Customer 76,69,Male,Widowed,Salaried,Medium,746,Houston,NY
L0017,C0067,Vehicle,18729,24,12.5,2022-12-13,2023-01-12,Vehicle,R0210,2024-03-16,2024-03-16,1729.0,0.0,Paid,Customer 67,43,Male,Single,Unemployed,High,305,New York,TX
L0018,C0012,Vehicle,23303,48,10.0,2022-11-21,2022-12-21,Property,R0055,2024-03-21,2024-03-16,1066.0,0.0,Paid,Customer 12,22,Male,Divorced,Salaried,High,811,Houston,TX
L0019,C0014,Business,22114,48,12.5,2022-05-22,2022-06-21,Property,R0224,2024-04-03,2024-04-05,568.0,49.0,Paid,Customer 14,55,Female,Divorced,Salaried,Low,821,Houston,NY
L0019,C0014,Business,22114,48,12.5,2022-05-22,2022-06-21,Property,R0321,2024-03-11,2024-03-11,865.0,0.0,Paid,Customer 14,55,Female,Divorced,Salaried,Low,821,Houston,NY
L0019,C0014,Business,22114,48,12.5,2022-05-22,2022-06-21,Property,R0339,2024-03-30,2024-03-26,800.0,0.0,Paid,Customer 14,55,Female,Divorced,Salaried,Low,821,Houston,NY
L0020,C0052,Personal,30307,12,10.0,2022-05-30,2022-06-29,Property,R0100,2024-03-22,2024-03-17,1775.0,0.0,Paid,Customer 52,65,Female,Widowed,Unemployed,High,554,Chicago,CA
L0020,C0052,Personal,30307,12,10.0,2022-05-30,2022-06-29,Property,R0119,2024-03-14,2024-03-15,712.0,20.0,Paid,Customer 52,65,Female,Widowed,Unemployed,High,554,Chicago,CA
L0020,C0052,Personal,30307,12,10.0,2022-05-30,2022-06-29,Property,R0257,2024-03-20,2024-03-25,1116.0,58.0,Paid,Customer 52,65,Female,Widowed,Unemployed,High,554,Chicago,CA
L0021,C0015,Vehicle,34224,12,12.5,2023-05-12,2023-06-11,Property,R0046,2024-03-17,2024-03-21,1176.0,57.0,Paid,Customer 15,66,Male,Married,Salaried,High,463,Houston,AZ
L0021,C0015,Vehicle,34224,12,12.5,2023-05-12,2023-06-11,Property,R0081,2024-03-28,2024-04-02,1988.0,57.0,Paid,Customer 15,66,Male,Married,Salaried,High,463,Houston,AZ
L0022,C0025,Mortgage,41304,48,12.5,2024-02-12,2024-03-13,None,,,,,,,Customer 25,22,Female,Married,Unemployed,High,535,Phoenix,CA
L0023,C0035,Business,19376,48,12.5,2023-09-12,2023-10-12,None,R0301,2024-03-23,2024-03-18,672.0,0.0,Paid,Customer 35,60,Female,Single,Salaried,Medium,522,New York,AZ
L0024,C0081,Business,47016,24,10.0,2024-03-09,2024-04-08,Vehicle,R0050,2024-03-20,2024-03-22,1940.0,65.0,Paid,Customer 81,48,Male,Married,Self-employed,Low,370,New York,NY
L0024,C0081,Business,47016,24,10.0,2024-03-09,2024-04-08,Vehicle,R0286,2024-03-11,2024-03-07,422.0,0.0,Paid,Customer 81,48,Male,Married,Self-employed,Low,370,New York,NY
L0025,C0071,Vehicle,6608,24,5.0,2024-03-24,2024-04-23,Property,,,,,,,Customer 71,49,Male,Divorced,Self-employed,Low,592,Los Angeles,IL
L0026,C0083,Business,33161,36,10.0,2023-12-09,2024-01-08,Property,R0378,2024-03-16,2024-03-21,1879.0,29.0,Paid,Customer 83,60,Male,Single,Self-employed,High,562,Chicago,CA
L0027,C0061,Business,30435,60,7.5,2022-11-30,2022-12-30,Property,R0131,2024-03-14,2024-03-13,371.0,0.0,Paid,Customer 61,62,Female,Single,Salaried,Medium,688,Los Angeles,AZ
L0027,C0061,Business,30435,60,7.5,2022-11-30,2022-12-30,Property,R0162,2024-04-07,2024-04-09,705.0,53.0,Unpaid,Customer 61,62,Female,Single,Salaried,Medium,688,Los Angeles,AZ
L0027,C0061,Business,30435,60,7.5,2022-11-30,2022-12-30,Property,R0174,2024-04-05,2024-04-09,1737.0,68.0,Paid,Customer 61,62,Female,Single,Salaried,Medium,688,Los Angeles,AZ
L0027,C0061,Business,30435,60,7.5,2022-11-30,2022-12-30,Property,R0225,2024-03-13,2024-03-09,741.0,0.0,Paid,Customer 61,62,Female,Single,Salaried,Medium,688,Los Angeles,AZ
L0027,C0061,Business,30435,60,7.5,2022-11-30,2022-12-30,Property,R0274,2024-03-26,2024-03-25,520.0,0.0,Paid,Customer 61,62,Female,Single,Salaried,Medium,688,Los Angeles,AZ
L0027,C0061,Business,30435,60,7.5,2022-11-30,2022-12-30,Property,R0291,2024-04-04,2024-04-06,1746.0,17.0,Paid,Customer 61,62,Female,Single,Salaried,Medium,688,Los Angeles,AZ
L0028,C0077,Business,5075,36,12.5,2023-09-25,2023-10-25,Property,R0167,2024-03-28,2024-04-02,1486.0,21.0,Unpaid,Customer 77,42,Female,Widowed,Unemployed,Low,778,Los Angeles,AZ
L0028,C0077,Business,5075,36,12.5,2023-09-25,2023-10-25,Property,R0283,2024-04-03,2024-04-07,418.0,13.0,Paid,Customer 77,42,Female,Widowed,Unemployed,Low,778,Los Angeles,AZ
L0029,C0035,Personal,19036,36,12.5,2022-11-05,2022-12-05,None,R0191,2024-03-21,2024-03-24,1272.0,14.0,Paid,Customer 35,60,Female,Single,Salaried,Medium,522,New York,AZ
L0030,C0069,Vehicle,23118,36,12.5,2023-01-06,2023-02-05,Property,,,,,,,Customer 69,26,Female,Divorced,Self-employed,High,816,Houston,AZ
L0031,C0025,Business,37973,48,7.5,2023-05-14,2023-06-13,Property,R0223,2024-04-07,2024-04-07,1861.0,0.0,Paid,Customer 25,22,Female,Married,Unemployed,High,535,Phoenix,CA
L0032,C0041,Vehicle,46717,48,12.5,2024-02-23,2024-03-24,Vehicle,,,,,,,Customer 41,57,Male,Married,Unemployed,Low,818,Chicago,CA
L0033,C0020,Vehicle,2926,24,10.0,2022-06-10,2022-07-10,None,R0295,2024-03-18,2024-03-20,288.0,42.0,Paid,Customer 20,66,Male,Married,Unemployed,Medium,800,New York,NY
L0034,C0013,Vehicle,1505,24,12.5,2023-01-13,2023-02-12,Vehicle,R0051,2024-04-06,2024-04-08,1151.0,53.0,Paid,Customer 13,27,Female,Single,Salaried,High,569,Phoenix,TX
L0034,C0013,Vehicle,1505,24,12.5,2023-01-13,2023-02-12,Vehicle,R0292,2024-04-06,2024-04-04,505.0,0.0,Paid,Customer 13,27,Female,Single,Salaried,High,569,Phoenix,TX
L0035,C0010,Vehicle,17868,36,12.5,2023-11-01,2023-12-01,Vehicle,R0059,2024-03-11,2024-03-14,1438.0,44.0,Paid,Customer 10,56,Male,Single,Salaried,Medium,688,Chicago,AZ
L0035,C0010,Vehicle,17868,36,12.5,2023-11-01,2023-12-01,Vehicle,R0080,2024-03-21,2024-03-24,895.0,31.0,Paid,Customer 10,56,Male,Single,Salaried,Medium,688,Chicago,AZ
L0035,C0010,Vehicle,17868,36,12.5,2023-11-01,2023-12-01,Vehicle,R0278,2024-04-04,2024-04-07,1405.0,50.0,Paid,Customer 10,56,Male,Single,Salaried,Medium,688,Chicago,AZ
L0036,C0043,Vehicle,21252,48,5.0,2024-01-16,2024-02-15,Vehicle,R0018,2024-03-21,2024-03-20,323.0,0.0,Paid,Customer 43,63,Female,Married,Unemployed,High,606,New York,CA
L0036,C0043,Vehicle,21252,48,5.0,2024-01-16,2024-02-15,Vehicle,R0036,2024-04-04,2024-04-01,1077.0,0.0,Paid,Customer 43,63,Female,Married,Unemployed,High,606,New York,CA
L0036,C0043,Vehicle,21252,48,5.0,2024-01-16,2024-02-15,Vehicle,R0070,2024-03-14,2024-03-09,1131.0,0.0,Unpaid,Customer 43,63,Female,Married,Unemployed,High,606,New York,CA
L0036,C0043,Vehicle,21252,48,5.0,2024-01-16,2024-02-15,Vehicle,R0198,2024-04-02,2024-04-06,1707.0,26.0,Paid,Customer 43,63,Female,Married,Unemployed,High,606,New York,CA
L0037,C0031,Mortgage,15408,12,12.5,2024-01-28,2024-02-27,None,R0314,2024-03-20,2024-03-24,1253.0,24.0,Paid,Customer 31,46,Male,Widowed,Salaried,Medium,773,Los Angeles,NY
L0037,C0031,Mortgage,15408,12,12.5,2024-01-28,2024-02-27,None,R0373,2024-03-30,2024-03-31,1366.0,77.0,Paid,Customer 31,46,Male,Widowed,Salaried,Medium,773,Los Angeles,NY
L0038,C0091,Personal,29576,24,10.0,2022-06-29,2022-07-29,None,R0204,2024-04-03,2024-04-01,1556.0,0.0,Paid,Customer 91,49,Female,Single,Self-employed,Low,663,Chicago,IL
L0039,C0042,Personal,19726,36,10.0,2024-02-20,2024-03-21,Property,R0299,2024-03-30,2024-04-01,170.0,78.0,Paid,Customer 42,40,Male,Single,Self-employed,Medium,461,Houston,AZ
L0040,C0032,Vehicle,37588,24,7.5,2023-11-10,2023-12-10,None,R0128,2024-04-05,2024-04-04,878.0,0.0,Paid,Customer 32,46,Male,Married,Unemployed,High,315,New York,CA
L0041,C0079,Vehicle,41113,24,12.5,2024-01-18,2024-02-17,Vehicle,R0215,2024-04-07,2024-04-03,1003.0,0.0,Paid,Customer 79,26,Female,Single,Salaried,Medium,688,Chicago,CA
L0041,C0079,Vehicle,41113,24,12.5,2024-01-18,2024-02-17,Vehicle,R0217,2024-03-18,2024-03-17,1890.0,0.0,Unpaid,Customer 79,26,Female,Single,Salaried,Medium,688,Chicago,CA
L0042,C0030,Vehicle,42305,36,12.5,2023-11-13,2023-12-13,Property,,,,,,,Customer 30,21,Female,Divorced,Salaried,Low,496,Los Angeles,AZ
L0043,C0002,Vehicle,19350,60,7.5,2022-05-26,2022-06-25,None,R0331,2024-03-27,2024-03-27,1402.0,0.0,Unpaid,Customer 2,65,Male,Married,Unemployed,Medium,332,New York,NY
L0043,C0002,Vehicle,19350,60,7.5,2022-05-26,2022-06-25,None,R0335,2024-03-24,2024-03-25,1911.0,52.0,Paid,Customer 2,65,Male,Married,Unemployed,Medium,332,New York,NY
L0044,C0045,Mortgage,42373,48,10.0,2023-01-11,2023-02-10,Property,R0098,2024-04-02,2024-04-02,386.0,0.0,Paid,Customer 45,56,Male,Divorced,Salaried,High,570,Phoenix,TX
L0044,C0045,Mortgage,42373,48,10.0,2023-01-11,2023-02-10,Property,R0200,2024-03-19,2024-03-22,762.0,90.0,Paid,Customer 45,56,Male,Divorced,Salaried,High,570,Phoenix,TX
L0044,C0045,Mortgage,42373,48,10.0,2023-01-11,2023-02-10,Property,R0296,2024-03-24,2024-03-19,1992.0,0.0,Paid,Customer 45,56,Male,Divorced,Salaried,High,570,Phoenix,TX
L0045,C0026,Vehicle,32167,12,7.5,2023-06-03,2023-07-03,Property,R0026,2024-03-15,2024-03-10,955.0,0.0,Unpaid,Customer 26,18,Male,Married,Salaried,Low,332,Chicago,NY
L0045,C0026,Vehicle,32167,12,7.5,2023-06-03,2023-07-03,Property,R0178,2024-03-24,2024-03-28,1766.0,86.0,Paid,Customer 26,18,Male,Married,Salaried,Low,332,Chicago,NY
L0045,C0026,Vehicle,32167,12,7.5,2023-06-03,2023-07-03,Property,R0183,2024-03-21,2024-03-26,1236.0,21.0,Paid,Customer 26,18,Male,Married,Salaried,Low,332,Chicago,NY
L0045,C0026,Vehicle,32167,12,7.5,2023-06-03,2023-07-03,Property,R0362,2024-03-14,2024-03-16,442.0,27.0,Paid,Customer 26,18,Male,Married,Salaried,Low,332,Chicago,NY
L0046,C0046,Mortgage,46327,36,5.0,2022-08-31,2022-09-30,Vehicle,R0107,2024-03-17,2024-03-18,319.0,12.0,Paid,Customer 46,34,Male,Married,Unemployed,Medium,583,New York,NY
L0047,C0036,Personal,37588,12,12.5,2023-02-27,2023-03-29,Property,,,,,,,Customer 36,65,Male,Divorced,Salaried,Low,788,Phoenix,AZ
L0048,C0078,Mortgage,14852,24,10.0,2023-08-16,2023-09-15,Vehicle,R0126,2024-03-26,2024-03-27,1492.0,74.0,Paid,Customer 78,52,Male,Widowed,Unemployed,High,327,New York,TX
L0048,C0078,Mortgage,14852,24,10.0,2023-08-16,2023-09-15,Vehicle,R0170,2024-03-18,2024-03-15,1411.0,0.0,Paid,Customer 78,52,Male,Widowed,Unemployed,High,327,New York,TX
L0049,C0088,Business,41672,12,5.0,2022-06-02,2022-07-02,Property,,,,,,,Customer 88,70,Female,Married,Self-employed,Medium,770,Los Angeles,TX
L0050,C0005,Mortgage,48495,24,5.0,2023-01-12,2023-02-11,Property,R0031,2024-03-24,2024-03-23,1756.0,0.0,Paid,Customer 5,27,Male,Divorced,Salaried,Low,689,New York,IL
L0051,C0096,Vehicle,12010,24,7.5,2023-05-09,2023-06-08,Vehicle,,,,,,,Customer 96,35,Female,Divorced,Salaried,Low,497,Chicago,NY
L0052,C0068,Mortgage,11283,36,12.5,2023-03-30,2023-04-29,Property,R0048,2024-03-21,2024-03-24,1272.0,68.0,Paid,Customer 68,32,Male,Widowed,Salaried,High,555,New York,TX
L0053,C0015,Vehicle,5434,24,7.5,2023-04-27,2023-05-27,Vehicle,R0164,2024-03-28,2024-03-30,1167.0,61.0,Paid,Customer 15,66,Male,Married,Salaried,High,463,Houston,AZ
L0053,C0015,Vehicle,5434,24,7.5,2023-04-27,2023-05-27,Vehicle,R0246,2024-04-05,2024-04-08,1754.0,19.0,Paid,Customer 15,66,Male,Married,Salaried,High,463,Houston,AZ
L0054,C0051,Mortgage,6418,48,5.0,2022-05-18,2022-06-17,Property,R0196,2024-04-04,2024-04-02,1760.0,0.0,Paid,Customer 51,57,Male,Single,Salaried,Low,722,New York,CA
L0055,C0016,Vehicle,24655,36,12.5,2022-10-06,2022-11-05,Vehicle,R0017,2024-03-30,2024-04-01,513.0,68.0,Paid,Customer 16,22,Female,Widowed,Unemployed,Medium,841,Chicago,AZ
L0055,C0016,Vehicle,24655,36,12.5,2022-10-06,2022-11-05,Vehicle,R0211,2024-04-01,2024-04-02,1113.0,34.0,Paid,Customer 16,22,Female,Widowed,Unemployed,Medium,841,Chicago,AZ
L0055,C0016,Vehicle,24655,36,12.5,2022-10-06,2022-11-05,Vehicle,R0221,2024-04-04,2024-03-30,1076.0,0.0,Paid,Customer 16,22,Female,Widowed,Unemployed,Medium,841,Chicago,AZ
L0055,C0016,Vehicle,24655,36,12.5,2022-10-06,2022-11-05,Vehicle,R0298,2024-04-02,2024-04-02,1960.0,0.0,Paid,Customer 16,22,Female,Widowed,Unemployed,Medium,841,Chicago,AZ
L0056,C0014,Business,31398,12,10.0,2023-03-24,2023-04-23,Vehicle,R0242,2024-04-07,2024-04-06,181.0,0.0,Unpaid,Customer 14,55,Female,Divorced,Salaried,Low,821,Houston,NY
L0056,C0014,Business,31398,12,10.0,2023-03-24,2023-04-23,Vehicle,R0397,2024-03-24,2024-03-23,1055.0,0.0,Paid,Customer 14,55,Female,Divorced,Salaried,Low,821,Houston,NY
L0057,C0083,Personal,42141,48,10.0,2023-08-25,2023-09-24,Vehicle,R0043,2024-03-27,2024-03-31,548.0,17.0,Paid,Customer 83,60,Male,Single,Self-employed,High,562,Chicago,CA
L0057,C0083,Personal,42141,48,10.0,2023-08-25,2023-09-24,Vehicle,R0073,2024-03-17,2024-03-20,946.0,38.0,Paid,Customer 83,60,Male,Single,Self-employed,High,562,Chicago,CA
L0057,C0083,Personal,42141,48,10.0,2023-08-25,2023-09-24,Vehicle,R0160,2024-03-20,2024-03-24,1012.0,47.0,Paid,Customer 83,60,Male,Single,Self-employed,High,562,Chicago,CA
L0057,C0083,Personal,42141,48,10.0,2023-08-25,2023-09-24,Vehicle,R0329,2024-03-13,2024-03-17,1409.0,72.0,Paid,Customer 83,60,Male,Single,Self-employed,High,562,Chicago,CA
L0058,C0015,Business,3471,12,10.0,2023-02-14,2023-03-16,Property,R0078,2024-03-23,2024-03-21,715.0,0.0,Unpaid,Customer 15,66,Male,Married,Salaried,High,463,Houston,AZ
L0058,C0015,Business,3471,12,10.0,2023-02-14,2023-03-16,Property,R0189,2024-04-06,2024-04-05,1201.0,0.0,Paid,Customer 15,66,Male,Married,Salaried,High,463,Houston,AZ
L0058,C0015,Business,3471,12,10.0,2023-02-14,2023-03-16,Property,R0354,2024-03-24,2024-03-23,1814.0,0.0,Paid,Customer 15,66,Male,Married,Salaried,High,463,Houston,AZ
L0058,C0015,Business,3471,12,10.0,2023-02-14,2023-03-16,Property,R0395,2024-03-19,2024-03-14,616.0,0.0,Paid,Customer 15,66,Male,Married,Salaried,High,463,Houston,AZ
L0059,C0013,Business,35728,24,12.5,2023-12-11,2024-01-10,Property,R0357,2024-03-14,2024-03-18,1233.0,7.0,Paid,Customer 13,27,Female,Single,Salaried,High,569,Phoenix,TX
L0060,C0086,Vehicle,38991,24,12.5,2023-03-25,2023-04-24,Vehicle,R0276,2024-04-05,2024-03-31,1937.0,0.0,Paid,Customer 86,24,Female,Married,Unemployed,Low,655,Phoenix,TX
L0060,C0086,Vehicle,38991,24,12.5,2023-03-25,2023-04-24,Vehicle,R0282,2024-03-24,2024-03-23,252.0,0.0,Unpaid,Customer 86,24,Female,Married,Unemployed,Low,655,Phoenix,TX
L0060,C0086,Vehicle,38991,24,12.5,2023-03-25,2023-04-24,Vehicle,R0316,2024-04-05,2024-03-31,1332.0,0.0,Paid,Customer 86,24,Female,Married,Unemployed,Low,655,Phoenix,TX
L0061,C0063,Vehicle,18833,12,10.0,2023-12-28,2024-01-27,None,R0072,2024-03-12,2024-03-12,718.0,0.0,Unpaid,Customer 63,45,Female,Widowed,Self-employed,Medium,518,Phoenix,TX
L0061,C0063,Vehicle,18833,12,10.0,2023-12-28,2024-01-27,None,R0359,2024-03-23,2024-03-27,1075.0,38.0,Paid,Customer 63,45,Female,Widowed,Self-employed,Medium,518,Phoenix,TX
L0062,C0057,Business,24268,12,10.0,2023-01-09,2023-02-08,Vehicle,R0066,2024-03-10,2024-03-05,522.0,0.0,Paid,Customer 57,56,Female,Divorced,Unemployed,Medium,746,Phoenix,AZ
L0062,C0057,Business,24268,12,10.0,2023-01-09,2023-02-08,Vehicle,R0151,2024-03-18,2024-03-17,617.0,0.0,Paid,Customer 57,56,Female,Divorced,Unemployed,Medium,746,Phoenix,AZ
L0062,C0057,Business,24268,12,10.0,2023-01-09,2023-02-08,Vehicle,R0237,2024-03-18,2024-03-13,1113.0,0.0,Paid,Customer 57,56,Female,Divorced,Unemployed,Medium,746,Phoenix,AZ
L0062,C0057,Business,24268,12,10.0,2023-01-09,2023-02-08,Vehicle,R0388,2024-03-17,2024-03-12,862.0,0.0,Paid,Customer 57,56,Female,Divorced,Unemployed,Medium,746,Phoenix,AZ
L0063,C0046,Personal,26592,36,7.5,2022-06-17,2022-07-17,None,R0002,2024-04-03,2024-04-08,164.0,73.0,Unpaid,Customer 46,34,Male,Married,Unemployed,Medium,583,New York,NY
L0063,C0046,Personal,26592,36,7.5,2022-06-17,2022-07-17,None,R0019,2024-03-20,2024-03-18,203.0,0.0,Paid,Customer 46,34,Male,Married,Unemployed,Medium,583,New York,NY
L0063,C0046,Personal,26592,36,7.5,2022-06-17,2022-07-17,None,R0068,2024-03-11,2024-03-06,1616.0,0.0,Paid,Customer 46,34,Male,Married,Unemployed,Medium,583,New York,NY
L0063,C0046,Personal,26592,36,7.5,2022-06-17,2022-07-17,None,R0087,2024-03-14,2024-03-16,1524.0,77.0,Paid,Customer 46,34,Male,Married,Unemployed,Medium,583,New York,NY
L0063,C0046,Personal,26592,36,7.5,2022-06-17,2022-07-17,None,R0146,2024-03-23,2024-03-27,767.0,48.0,Paid,Customer 46,34,Male,Married,Unemployed,Medium,583,New York,NY
L0064,C0012,Business,42554,60,5.0,2022-12-29,2023-01-28,None,R0010,2024-03-23,2024-03-21,671.0,0.0,Paid,Customer 12,22,Male,Divorced,Salaried,High,811,Houston,TX
L0064,C0012,Business,42554,60,5.0,2022-12-29,2023-01-28,None,R0063,2024-03-12,2024-03-10,1043.0,0.0,Paid,Customer 12,22,Male,Divorced,Salaried,High,811,Houston,TX
L0064,C0012,Business,42554,60,5.0,2022-12-29,2023-01-28,None,R0309,2024-04-02,2024-03-29,1445.0,0.0,Paid,Customer 12,22,Male,Divorced,Salaried,High,811,Houston,TX
L0064,C0012,Business,42554,60,5.0,2022-12-29,2023-01-28,None,R0333,2024-03-30,2024-03-28,1519.0,0.0,Paid,Customer 12,22,Male,Divorced,Salaried,High,811,Houston,TX
L0064,C0012,Business,42554,60,5.0,2022-12-29,2023-01-28,None,R0385,2024-04-01,2024-03-27,167.0,0.0,Paid,Customer 12,22,Male,Divorced,Salaried,High,811,Houston,TX
L0065,C0032,Business,37500,24,5.0,2023-05-02,2023-06-01,Vehicle,,,,,,,Customer 32,46,Male,Married,Unemployed,High,315,New York,CA
L0066,C0076,Business,15769,36,7.5,2023-09-08,2023-10-08,Vehicle,,,,,,,Customer 76,69,Male,Widowed,Salaried,Medium,746,Houston,NY
L0067,C0036,Business,9019,60,10.0,2024-04-05,2024-05-05,None,R0037,2024-03-31,2024-03-26,885.0,0.0,Paid,Customer 36,65,Male,Divorced,Salaried,Low,788,Phoenix,AZ
L0067,C0036,Business,9019,60,10.0,2024-04-05,2024-05-05,None,R0039,2024-03-20,2024-03-15,1438.0,0.0,Paid,Customer 36,65,Male,Divorced,Salaried,Low,788,Phoenix,AZ
L0067,C0036,Business,9019,60,10.0,2024-04-05,2024-05-05,None,R0280,2024-03-31,2024-03-30,1842.0,0.0,Paid,Customer 36,65,Male,Divorced,Salaried,Low,788,Phoenix,AZ
L0067,C0036,Business,9019,60,10.0,2024-04-05,2024-05-05,None,R0289,2024-03-17,2024-03-16,1779.0,0.0,Unpaid,Customer 36,65,Male,Divorced,Salaried,Low,788,Phoenix,AZ
L0067,C0036,Business,9019,60,10.0,2024-04-05,2024-05-05,None,R0390,2024-03-27,2024-03-24,1633.0,0.0,Paid,Customer 36,65,Male,Divorced,Salaried,Low,788,Phoenix,AZ
L0068,C0085,Personal,9137,12,10.0,2023-12-17,2024-01-16,None,R0195,2024-04-06,2024-04-08,813.0,11.0,Paid,Customer 85,61,Female,Widowed,Unemployed,Low,377,Phoenix,CA
L0068,C0085,Personal,9137,12,10.0,2023-12-17,2024-01-16,None,R0345,2024-03-09,2024-03-12,1452.0,36.0,Paid,Customer 85,61,Female,Widowed,Unemployed,Low,377,Phoenix,CA
L0069,C0042,Personal,11919,36,5.0,2022-08-14,2022-09-13,None,R0393,2024-03-17,2024-03-15,1434.0,0.0,Paid,Customer 42,40,Male,Single,Self-employed,Medium,461,Houston,AZ
L0070,C0068,Personal,49367,12,12.5,2023-02-01,2023-03-03,Property,R0256,2024-03-13,2024-03-14,1172.0,8.0,Paid,Customer 68,32,Male,Widowed,Salaried,High,555,New York,TX
L0070,C0068,Personal,49367,12,12.5,2023-02-01,2023-03-03,Property,R0264,2024-03-09,2024-03-09,1791.0,0.0,Paid,Customer 68,32,Male,Widowed,Salaried,High,555,New York,TX
L0071,C0066,Personal,30122,60,7.5,2023-04-03,2023-05-03,Vehicle,R0396,2024-03-29,2024-04-03,967.0,48.0,Unpaid,Customer 66,48,Male,Widowed,Self-employed,High,499,Houston,TX
L0072,C0094,Mortgage,30518,12,5.0,2024-02-23,2024-03-24,Property,R0377,2024-03-29,2024-03-28,1826.0,0.0,Paid,Customer 94,23,Female,Single,Self-employed,High,549,Chicago,AZ
L0073,C0055,Personal,32630,48,5.0,2023-02-21,2023-03-23,None,R0267,2024-04-05,2024-04-07,1684.0,39.0,Paid,Customer 55,35,Male,Divorced,Self-employed,High,821,Houston,AZ
L0074,C0078,Business,4804,24,10.0,2023-05-14,2023-06-13,Vehicle,R0013,2024-03-09,2024-03-08,349.0,0.0,Paid,Customer 78,52,Male,Widowed,Unemployed,High,327,New York,TX
L0074,C0078,Business,4804,24,10.0,2023-05-14,2023-06-13,Vehicle,R0106,2024-03-30,2024-04-02,135.0,64.0,Paid,Customer 78,52,Male,Widowed,Unemployed,High,327,New York,TX
L0075,C0075,Mortgage,25462,60,10.0,2022-06-29,2022-07-29,Property,R0015,2024-03-13,2024-03-10,186.0,0.0,Paid,Customer 75,48,Male,Divorced,Self-employed,Medium,729,Phoenix,AZ
L0075,C0075,Mortgage,25462,60,10.0,2022-06-29,2022-07-29,Property,R0145,2024-03-26,2024-03-26,1605.0,0.0,Paid,Customer 75,48,Male,Divorced,Self-employed,Medium,729,Phoenix,AZ
L0076,C0078,Vehicle,6999,12,7.5,2022-11-07,2022-12-07,Property,R0033,2024-03-15,2024-03-15,1262.0,0.0,Paid,Customer 78,52,Male,Widowed,Unemployed,High,327,New York,TX
L0076,C0078,Vehicle,6999,12,7.5,2022-11-07,2022-12-07,Property,R0127,2024-04-05,2024-04-09,1734.0,31.0,Paid,Customer 78,52,Male,Widowed,Unemployed,High,327,New York,TX
L0076,C0078,Vehicle,6999,12,7.5,2022-11-07,2022-12-07,Property,R0300,2024-03-31,2024-04-05,1121.0,52.0,Unpaid,Customer 78,52,Male,Widowed,Unemployed,High,327,New York,TX
L0077,C0030,Vehicle,22712,48,12.5,2023-01-01,2023-01-31,Property,,,,,,,Customer 30,21,Female,Divorced,Salaried,Low,496,Los Angeles,AZ
L0078,C0041,Vehicle,20981,36,10.0,2024-01-01,2024-01-31,None,R0085,2024-04-01,2024-04-01,1961.0,0.0,Paid,Customer 41,57,Male,Married,Unemployed,Low,818,Chicago,CA
L0078,C0041,Vehicle,20981,36,10.0,2024-01-01,2024-01-31,None,R0137,2024-04-03,2024-04-02,649.0,0.0,Paid,Customer 41,57,Male,Married,Unemployed,Low,818,Chicago,CA
L0078,C0041,Vehicle,20981,36,10.0,2024-01-01,2024-01-31,None,R0141,2024-04-04,2024-04-01,113.0,0.0,Unpaid,Customer 41,57,Male,Married,Unemployed,Low,818,Chicago,CA
L0079,C0061,Personal,6478,12,5.0,2022-05-05,2022-06-04,Property,R0180,2024-04-04,2024-04-02,339.0,0.0,Paid,Customer 61,62,Female,Single,Salaried,Medium,688,Los Angeles,AZ
L0079,C0061,Personal,6478,12,5.0,2022-05-05,2022-06-04,Property,R0326,2024-04-02,2024-04-03,1603.0,88.0,Paid,Customer 61,62,Female,Single,Salaried,Medium,688,Los Angeles,AZ
L0080,C0096,Mortgage,9027,60,5.0,2023-12-31,2024-01-30,Vehicle,,,,,,,Customer 96,35,Female,Divorced,Salaried,Low,497,Chicago,NY
L0081,C0072,Mortgage,44409,12,12.5,2022-09-10,2022-10-10,Property,R0184,2024-04-03,2024-03-31,1824.0,0.0,Paid,Customer 72,39,Female,Married,Salaried,Low,536,Houston,CA
L0082,C0097,Vehicle,47755,12,10.0,2022-05-27,2022-06-26,Vehicle,R0012,2024-03-16,2024-03-18,1082.0,44.0,Paid,Customer 97,65,Male,Single,Salaried,High,795,Chicago,AZ
L0082,C0097,Vehicle,47755,12,10.0,2022-05-27,2022-06-26,Vehicle,R0071,2024-03-31,2024-04-04,1282.0,76.0,Paid,Customer 97,65,Male,Single,Salaried,High,795,Chicago,AZ
L0082,C0097,Vehicle,47755,12,10.0,2022-05-27,2022-06-26,Vehicle,R0239,2024-04-07,2024-04-07,370.0,0.0,Paid,Customer 97,65,Male,Single,Salaried,High,795,Chicago,AZ
L0082,C0097,Vehicle,47755,12,10.0,2022-05-27,2022-06-26,Vehicle,R0324,2024-03-23,2024-03-28,456.0,90.0,Unpaid,Customer 97,65,Male,Single,Salaried,High,795,Chicago,AZ
L0083,C0046,Personal,38374,60,7.5,2023-05-24,2023-06-23,None,R0024,2024-04-01,2024-03-31,684.0,0.0,Paid,Customer 46,34,Male,Married,Unemployed,Medium,583,New York,NY
L0084,C0062,Business,7592,36,10.0,2022-06-05,2022-07-05,None,,,,,,,Customer 62,54,Female,Widowed,Unemployed,Low,611,Chicago,CA
L0085,C0074,Business,28622,60,5.0,2023-06-27,2023-07-27,Vehicle,R0038,2024-03-14,2024-03-13,718.0,0.0,Paid,Customer 74,44,Male,Single,Self-employed,Medium,320,Phoenix,TX
L0085,C0074,Business,28622,60,5.0,2023-06-27,2023-07-27,Vehicle,R0330,2024-03-23,2024-03-20,1626.0,0.0,Paid,Customer 74,44,Male,Single,Self-employed,Medium,320,Phoenix,TX
L0086,C0089,Mortgage,2397,24,10.0,2022-06-04,2022-07-04,Vehicle,R0029,2024-03-19,2024-03-15,682.0,0.0,Paid,Customer 89,29,Female,Widowed,Self-employed,Medium,574,Chicago,CA
L0086,C0089,Mortgage,2397,24,10.0,2022-06-04,2022-07-04,Vehicle,R0273,2024-03-12,2024-03-07,102.0,0.0,Paid,Customer 89,29,Female,Widowed,Self-employed,Medium,574,Chicago,CA
L0087,C0044,Mortgage,900,24,7.5,2023-05-27,2023-06-26,Vehicle,R0341,2024-03-10,2024-03-06,1316.0,0.0,Unpaid,Customer 44,34,Male,Married,Unemployed,High,459,Chicago,IL
L0088,C0052,Personal,9797,12,5.0,2022-06-04,2022-07-04,Vehicle,R0123,2024-03-12,2024-03-08,1339.0,0.0,Paid,Customer 52,65,Female,Widowed,Unemployed,High,554,Chicago,CA
L0088,C0052,Personal,9797,12,5.0,2022-06-04,2022-07-04,Vehicle,R0213,2024-03-11,2024-03-13,1931.0,87.0,Paid,Customer 52,65,Female,Widowed,Unemployed,High,554,Chicago,CA
L0089,C0028,Vehicle,28014,48,10.0,2022-10-12,2022-11-11,None,R0016,2024-03-16,2024-03-12,1992.0,0.0,Paid,Customer 28,64,Female,Single,Self-employed,Medium,494,New York,NY
L0089,C0028,Vehicle,28014,48,10.0,2022-10-12,2022-11-11,None,R0356,2024-04-05,2024-04-10,1755.0,69.0,Paid,Customer 28,64,Female,Single,Self-employed,Medium,494,New York,NY
L0089,C0028,Vehicle,28014,48,10.0,2022-10-12,2022-11-11,None,R0371,2024-03-29,2024-04-01,1897.0,52.0,Paid,Customer 28,64,Female,Single,Self-employed,Medium,494,New York,NY
L0090,C0040,Mortgage,37697,60,5.0,2023-03-26,2023-04-25,None,,,,,,,Customer 40,43,Male,Divorced,Self-employed,Medium,374,New York,TX
L0091,C0021,Personal,44669,12,10.0,2023-10-31,2023-11-30,Property,R0133,2024-04-07,2024-04-03,1235.0,0.0,Paid,Customer 21,41,Female,Single,Salaried,Low,380,New York,TX
L0091,C0021,Personal,44669,12,10.0,2023-10-31,2023-11-30,Property,R0311,2024-03-13,2024-03-14,1818.0,22.0,Paid,Customer 21,41,Female,Single,Salaried,Low,380,New York,TX
L0092,C0055,Vehicle,40285,48,12.5,2022-05-31,2022-06-30,Property,R0288,2024-03-16,2024-03-14,911.0,0.0,Paid,Customer 55,35,Male,Divorced,Self-employed,High,821,Houston,AZ
L0092,C0055,Vehicle,40285,48,12.5,2022-05-31,2022-06-30,Property,R0325,2024-03-16,2024-03-20,557.0,85.0,Paid,Customer 55,35,Male,Divorced,Self-employed,High,821,Houston,AZ
L0093,C0097,Personal,23121,48,5.0,2023-08-31,2023-09-30,Property,R0139,2024-03-23,2024-03-19,615.0,0.0,Unpaid,Customer 97,65,Male,Single,Salaried,High,795,Chicago,AZ
L0094,C0087,Vehicle,35033,36,5.0,2022-05-14,2022-06-13,None,R0147,2024-03-13,2024-03-14,333.0,72.0,Paid,Customer 87,60,Female,Married,Unemployed,High,649,New York,TX
L0095,C0077,Personal,1003,24,10.0,2023-02-28,2023-03-30,None,,,,,,,Customer 77,42,Female,Widowed,Unemployed,Low,778,Los Angeles,AZ
L0096,C0098,Mortgage,19469,36,5.0,2023-11-19,2023-12-19,None,R0044,2024-03-24,2024-03-28,951.0,89.0,Paid,Customer 98,66,Female,Married,Salaried,Medium,532,Chicago,CA
L0096,C0098,Mortgage,19469,36,5.0,2023-11-19,2023-12-19,None,R0103,2024-03-22,2024-03-24,223.0,79.0,Paid,Customer 98,66,Female,Married,Salaried,Medium,532,Chicago,CA
L0097,C0096,Vehicle,12014,24,12.5,2022-11-15,2022-12-15,Vehicle,R0007,2024-03-23,2024-03-26,742.0,22.0,Paid,Customer 96,35,Female,Divorced,Salaried,Low,497,Chicago,NY
L0097,C0096,Vehicle,12014,24,12.5,2022-11-15,2022-12-15,Vehicle,R0058,2024-03-09,2024-03-10,264.0,87.0,Unpaid,Customer 96,35,Female,Divorced,Salaried,Low,497,Chicago,NY
L0097,C0096,Vehicle,12014,24,12.5,2022-11-15,2022-12-15,Vehicle,R0077,2024-04-03,2024-04-02,476.0,0.0,Paid,Customer 96,35,Female,Divorced,Salaried,Low,497,Chicago,NY
L0097,C0096,Vehicle,12014,24,12.5,2022-11-15,2022-12-15,Vehicle,R0152,2024-03-16,2024-03-17,251.0,57.0,Unpaid,Customer 96,35,Female,Divorced,Salaried,Low,497,Chicago,NY
L0098,C0030,Mortgage,5223,48,5.0,2022-04-18,2022-05-18,Property,R0095,2024-03-28,2024-03-26,1266.0,0.0,Paid,Customer 30,21,Female,Divorced,Salaried,Low,496,Los Angeles,AZ
L0098,C0030,Mortgage,5223,48,5.0,2022-04-18,2022-05-18,Property,R0142,2024-03-28,2024-04-01,1746.0,42.0,Paid,Customer 30,21,Female,Divorced,Salaried,Low,496,Los Angeles,AZ
L0098,C0030,Mortgage,5223,48,5.0,2022-04-18,2022-05-18,Property,R0226,2024-03-29,2024-03-26,1684.0,0.0,Paid,Customer 30,21,Female,Divorced,Salaried,Low,496,Los Angeles,AZ
L0099,C0059,Personal,21016,60,12.5,2024-03-19,2024-04-18,Vehicle,R0134,2024-03-19,2024-03-19,125.0,0.0,Paid,Customer 59,69,Male,Divorced,Self-employed,Low,638,Phoenix,IL
L0099,C0059,Personal,21016,60,12.5,2024-03-19,2024-04-18,Vehicle,R0182,2024-04-03,2024-04-07,966.0,23.0,Paid,Customer 59,69,Male,Divorced,Self-employed,Low,638,Phoenix,IL
L0099,C0059,Personal,21016,60,12.5,2024-03-19,2024-04-18,Vehicle,R0261,2024-03-23,2024-03-23,1984.0,0.0,Paid,Customer 59,69,Male,Divorced,Self-employed,Low,638,Phoenix,IL
L0100,C0091,Vehicle,19473,12,12.5,2023-02-18,2023-03-20,None,R0352,2024-03-18,2024-03-21,478.0,47.0,Unpaid,Customer 91,49,Female,Single,Self-employed,Low,663,Chicago,IL
L0101,C0022,Vehicle,45694,36,5.0,2023-05-11,2023-06-10,Property,R0205,2024-03-31,2024-04-05,1102.0,18.0,Paid,Customer 22,70,Male,Single,Salaried,High,786,Phoenix,CA
L0101,C0022,Vehicle,45694,36,5.0,2023-05-11,2023-06-10,Property,R0346,2024-04-04,2024-03-30,1270.0,0.0,Paid,Customer 22,70,Male,Single,Salaried,High,786,Phoenix,CA
L0102,C0032,Vehicle,39092,48,5.0,2023-12-21,2024-01-20,Property,R0014,2024-03-21,2024-03-22,1776.0,44.0,Unpaid,Customer 32,46,Male,Married,Unemployed,High,315,New York,CA
L0102,C0032,Vehicle,39092,48,5.0,2023-12-21,2024-01-20,Property,R0027,2024-04-02,2024-03-28,1713.0,0.0,Paid,Customer 32,46,Male,Married,Unemployed,High,315,New York,CA
L0102,C0032,Vehicle,39092,48,5.0,2023-12-21,2024-01-20,Property,R0109,2024-03-27,2024-03-26,261.0,0.0,Paid,Customer 32,46,Male,Married,Unemployed,High,315,New York,CA
L0102,C0032,Vehicle,39092,48,5.0,2023-12-21,2024-01-20,Property,R0374,2024-03-26,2024-03-21,1921.0,0.0,Unpaid,Customer 32,46,Male,Married,Unemployed,High,315,New York,CA
L0102,C0032,Vehicle,39092,48,5.0,2023-12-21,2024-01-20,Property,R0398,2024-03-22,2024-03-26,1297.0,13.0,Paid,Customer 32,46,Male,Married,Unemployed,High,315,New York,CA
L0103,C0096,Mortgage,15020,36,7.5,2023-05-26,2023-06-25,None,R0153,2024-03-23,2024-03-27,1194.0,64.0,Unpaid,Customer 96,35,Female,Divorced,Salaried,Low,497,Chicago,NY
L0104,C0082,Personal,35273,60,7.5,2022-11-02,2022-12-02,Property,R0112,2024-04-06,2024-04-02,876.0,0.0,Paid,Customer 82,33,Male,Married,Unemployed,Low,544,Los Angeles,TX
L0104,C0082,Personal,35273,60,7.5,2022-11-02,2022-12-02,Property,R0207,2024-03-13,2024-03-09,1155.0,0.0,Paid,Customer 82,33,Male,Married,Unemployed,Low,544,Los Angeles,TX
L0104,C0082,Personal,35273,60,7.5,2022-11-02,2022-12-02,Property,R0383,2024-03-29,2024-04-01,377.0,99.0,Unpaid,Customer 82,33,Male,Married,Unemployed,Low,544,Los Angeles,TX
L0105,C0094,Business,15984,12,7.5,2023-04-14,2023-05-14,Property,R0150,2024-03-12,2024-03-08,1478.0,0.0,Paid,Customer 94,23,Female,Single,Self-employed,High,549,Chicago,AZ
L0105,C0094,Business,15984,12,7.5,2023-04-14,2023-05-14,Property,R0284,2024-03-24,2024-03-24,347.0,0.0,Paid,Customer 94,23,Female,Single,Self-employed,High,549,Chicago,AZ
L0105,C0094,Business,15984,12,7.5,2023-04-14,2023-05-14,Property,R0344,2024-04-01,2024-03-30,1527.0,0.0,Paid,Customer 94,23,Female,Single,Self-employed,High,549,Chicago,AZ
L0106,C0023,Business,43459,12,7.5,2023-09-18,2023-10-18,Vehicle,R0092,2024-03-27,2024-03-27,193.0,0.0,Paid,Customer 23,34,Female,Single,Unemployed,High,505,Chicago,TX
L0106,C0023,Business,43459,12,7.5,2023-09-18,2023-10-18,Vehicle,R0101,2024-03-14,2024-03-09,381.0,0.0,Paid,Customer 23,34,Female,Single,Unemployed,High,505,Chicago,TX
L0106,C0023,Business,43459,12,7.5,2023-09-18,2023-10-18,Vehicle,R0105,2024-03-21,2024-03-24,124.0,2.0,Paid,Customer 23,34,Female,Single,Unemployed,High,505,Chicago,TX
L0107,C0060,Vehicle,45138,60,10.0,2022-11-19,2022-12-19,Vehicle,R0187,2024-03-17,2024-03-19,1554.0,56.0,Paid,Customer 60,60,Male,Divorced,Unemployed,Medium,718,Chicago,TX
L0107,C0060,Vehicle,45138,60,10.0,2022-11-19,2022-12-19,Vehicle,R0206,2024-03-30,2024-04-04,868.0,57.0,Paid,Customer 60,60,Male,Divorced,Unemployed,Medium,718,Chicago,TX
L0108,C0020,Vehicle,4975,48,12.5,2023-05-20,2023-06-19,Vehicle,R0057,2024-03-15,2024-03-20,866.0,48.0,Paid,Customer 20,66,Male,Married,Unemployed,Medium,800,New York,NY
L0108,C0020,Vehicle,4975,48,12.5,2023-05-20,2023-06-19,Vehicle,R0065,2024-03-13,2024-03-18,1359.0,98.0,Unpaid,Customer 20,66,Male,Married,Unemployed,Medium,800,New York,NY
L0108,C0020,Vehicle,4975,48,12.5,2023-05-20,2023-06-19,Vehicle,R0240,2024-03-12,2024-03-16,848.0,69.0,Paid,Customer 20,66,Male,Married,Unemployed,Medium,800,New York,NY
L0108,C0020,Vehicle,4975,48,12.5,2023-05-20,2023-06-19,Vehicle,R0263,2024-03-15,2024-03-20,559.0,41.0,Paid,Customer 20,66,Male,Married,Unemployed,Medium,800,New York,NY
L0108,C0020,Vehicle,4975,48,12.5,2023-05-20,2023-06-19,Vehicle,R0358,2024-03-12,2024-03-15,1196.0,87.0,Unpaid,Customer 20,66,Male,Married,Unemployed,Medium,800,New York,NY
L0109,C0036,Personal,23564,60,5.0,2023-06-02,2023-07-02,Property,R0054,2024-04-05,2024-03-31,805.0,0.0,Paid,Customer 36,65,Male,Divorced,Salaried,Low,788,Phoenix,AZ
L0109,C0036,Personal,23564,60,5.0,2023-06-02,2023-07-02,Property,R0244,2024-03-14,2024-03-15,1537.0,51.0,Paid,Customer 36,65,Male,Divorced,Salaried,Low,788,Phoenix,AZ
L0109,C0036,Personal,23564,60,5.0,2023-06-02,2023-07-02,Property,R0363,2024-04-03,2024-03-29,260.0,0.0,Unpaid,Customer 36,65,Male,Divorced,Salaried,Low,788,Phoenix,AZ
L0110,C0058,Personal,4228,36,10.0,2022-12-22,2023-01-21,None,R0169,2024-03-28,2024-03-31,1046.0,29.0,Paid,Customer 58,25,Female,Single,Self-employed,Low,746,New York,AZ
L0110,C0058,Personal,4228,36,10.0,2022-12-22,2023-01-21,None,R0172,2024-03-24,2024-03-28,896.0,0.0,Paid,Customer 58,25,Female,Single,Self-employed,Low,746,New York,AZ
L0110,C0058,Personal,4228,36,10.0,2022-12-22,2023-01-21,None,R0220,2024-03-29,2024-03-27,1442.0,0.0,Paid,Customer 58,25,Female,Single,Self-employed,Low,746,New York,AZ
L0110,C0058,Personal,4228,36,10.0,2022-12-22,2023-01-21,None,R0232,2024-03-26,2024-03-26,744.0,0.0,Paid,Customer 58,25,Female,Single,Self-employed,Low,746,New York,AZ
L0111,C0012,Vehicle,30824,60,5.0,2022-06-17,2022-07-17,Property,R0158,2024-03-14,2024-03-14,316.0,0.0,Paid,Customer 12,22,Male,Divorced,Salaried,High,811,Houston,TX
L0112,C0084,Business,21571,60,12.5,2022-08-31,2022-09-30,Vehicle,R0114,2024-04-05,2024-04-07,1420.0,100.0,Paid,Customer 84,56,Male,Single,Self-employed,Low,326,Chicago,AZ
L0112,C0084,Business,21571,60,12.5,2022-08-31,2022-09-30,Vehicle,R0138,2024-04-05,2024-04-02,665.0,0.0,Paid,Customer 84,56,Male,Single,Self-employed,Low,326,Chicago,AZ
L0112,C0084,Business,21571,60,12.5,2022-08-31,2022-09-30,Vehicle,R0279,2024-03-20,2024-03-15,1456.0,0.0,Unpaid,Customer 84,56,Male,Single,Self-employed,Low,326,Chicago,AZ
L0112,C0084,Business,21571,60,12.5,2022-08-31,2022-09-30,Vehicle,R0343,2024-04-02,2024-04-06,421.0,6.0,Paid,Customer 84,56,Male,Single,Self-employed,Low,326,Chicago,AZ
L0113,C0008,Vehicle,7283,36,5.0,2023-11-05,2023-12-05,Vehicle,,,,,,,Customer 8,67,Female,Married,Salaried,Low,689,Chicago,TX
L0114,C0023,Personal,16736,48,12.5,2022-06-16,2022-07-16,Vehicle,R0049,2024-03-28,2024-03-31,338.0,87.0,Paid,Customer 23,34,Female,Single,Unemployed,High,505,Chicago,TX
L0115,C0079,Business,24348,36,10.0,2022-10-20,2022-11-19,Property,R0067,2024-03-19,2024-03-14,1324.0,0.0,Paid,Customer 79,26,Female,Single,Salaried,Medium,688,Chicago,CA
L0115,C0079,Business,24348,36,10.0,2022-10-20,2022-11-19,Property,R0353,2024-03-27,2024-03-24,191.0,0.0,Paid,Customer 79,26,Female,Single,Salaried,Medium,688,Chicago,CA
L0116,C0100,Mortgage,44992,60,5.0,2023-02-14,2023-03-16,Vehicle,R0285,2024-03-14,2024-03-12,731.0,0.0,Paid,Customer 100,62,Male,Widowed,Salaried,Low,591,Houston,TX
L0116,C0100,Mortgage,44992,60,5.0,2023-02-14,2023-03-16,Vehicle,R0290,2024-04-07,2024-04-08,1238.0,95.0,Paid,Customer 100,62,Male,Widowed,Salaried,Low,591,Houston,TX
L0117,C0043,Personal,22106,12,12.5,2022-06-15,2022-07-15,Property,R0208,2024-03-16,2024-03-16,1099.0,0.0,Paid,Customer 43,63,Female,Married,Unemployed,High,606,New York,CA
L0117,C0043,Personal,22106,12,12.5,2022-06-15,2022-07-15,Property,R0250,2024-03-25,2024-03-21,1353.0,0.0,Paid,Customer 43,63,Female,Married,Unemployed,High,606,New York,CA
L0118,C0093,Business,22347,12,7.5,2023-07-24,2023-08-23,Property,R0175,2024-03-28,2024-03-26,333.0,0.0,Paid,Customer 93,49,Male,Widowed,Unemployed,High,802,Houston,NY
L0118,C0093,Business,22347,12,7.5,2023-07-24,2023-08-23,Property,R0277,2024-03-25,2024-03-25,1631.0,0.0,Paid,Customer 93,49,Male,Widowed,Unemployed,High,802,Houston,NY
L0118,C0093,Business,22347,12,7.5,2023-07-24,2023-08-23,Property,R0367,2024-03-30,2024-04-02,1978.0,1.0,Paid,Customer 93,49,Male,Widowed,Unemployed,High,802,Houston,NY
L0119,C0084,Vehicle,8950,60,5.0,2023-05-26,2023-06-25,Property,R0052,2024-04-06,2024-04-09,1477.0,39.0,Paid,Customer 84,56,Male,Single,Self-employed,Low,326,Chicago,AZ
L0120,C0049,Mortgage,8875,60,5.0,2022-09-13,2022-10-13,Vehicle,,,,,,,Customer 49,41,Male,Widowed,Salaried,Low,615,Chicago,NY
L0121,C0055,Mortgage,1694,36,10.0,2022-05-22,2022-06-21,None,R0351,2024-03-13,2024-03-14,1101.0,84.0,Paid,Customer 55,35,Male,Divorced,Self-employed,High,821,Houston,AZ
L0122,C0044,Vehicle,13083,24,7.5,2023-09-01,2023-10-01,None,R0116,2024-04-01,2024-04-05,655.0,5.0,Unpaid,Customer 44,34,Male,Married,Unemployed,High,459,Chicago,IL
L0122,C0044,Vehicle,13083,24,7.5,2023-09-01,2023-10-01,None,R0350,2024-03-29,2024-03-25,1828.0,0.0,Paid,Customer 44,34,Male,Married,Unemployed,High,459,Chicago,IL
L0122,C0044,Vehicle,13083,24,7.5,2023-09-01,2023-10-01,None,R0389,2024-03-24,2024-03-21,1301.0,0.0,Paid,Customer 44,34,Male,Married,Unemployed,High,459,Chicago,IL
L0123,C0038,Personal,33771,60,5.0,2024-01-19,2024-02-18,Vehicle,R0144,2024-03-16,2024-03-14,743.0,0.0,Paid,Customer 38,25,Male,Married,Unemployed,Low,729,Phoenix,AZ
L0123,C0038,Personal,33771,60,5.0,2024-01-19,2024-02-18,Vehicle,R0304,2024-03-13,2024-03-13,1215.0,0.0,Paid,Customer 38,25,Male,Married,Unemployed,Low,729,Phoenix,AZ
L0124,C0099,Business,39641,48,7.5,2023-04-29,2023-05-29,None,R0104,2024-03-09,2024-03-13,1450.0,62.0,Paid,Customer 99,37,Male,Single,Self-employed,Low,355,Phoenix,IL
L0125,C0089,Business,47763,48,5.0,2023-10-05,2023-11-04,Property,,,,,,,Customer 89,29,Female,Widowed,Self-employed,Medium,574,Chicago,CA
L0126,C0087,Business,29611,60,10.0,2023-03-31,2023-04-30,Vehicle,R0125,2024-03-13,2024-03-15,567.0,45.0,Paid,Customer 87,60,Female,Married,Unemployed,High,649,New York,TX
L0126,C0087,Business,29611,60,10.0,2023-03-31,2023-04-30,Vehicle,R0275,2024-03-31,2024-04-01,222.0,18.0,Paid,Customer 87,60,Female,Married,Unemployed,High,649,New York,TX
L0127,C0030,Business,20781,48,7.5,2023-01-04,2023-02-03,Property,R0075,2024-03-25,2024-03-28,196.0,44.0,Unpaid,Customer 30,21,Female,Divorced,Salaried,Low,496,Los Angeles,AZ
L0127,C0030,Business,20781,48,7.5,2023-01-04,2023-02-03,Property,R0140,2024-03-15,2024-03-20,1316.0,78.0,Paid,Customer 30,21,Female,Divorced,Salaried,Low,496,Los Angeles,AZ
L0127,C0030,Business,20781,48,7.5,2023-01-04,2023-02-03,Property,R0270,2024-03-27,2024-03-31,1682.0,99.0,Paid,Customer 30,21,Female,Divorced,Salaried,Low,496,Los Angeles,AZ
L0128,C0074,Vehicle,30756,36,12.5,2022-05-14,2022-06-13,Vehicle,R0090,2024-03-27,2024-03-30,1054.0,12.0,Paid,Customer 74,44,Male,Single,Self-employed,Medium,320,Phoenix,TX
L0128,C0074,Vehicle,30756,36,12.5,2022-05-14,2022-06-13,Vehicle,R0297,2024-03-12,2024-03-13,160.0,48.0,Paid,Customer 74,44,Male,Single,Self-employed,Medium,320,Phoenix,TX
L0129,C0054,Business,13587,60,7.5,2022-10-15,2022-11-14,Property,R0265,2024-03-27,2024-03-23,1478.0,0.0,Unpaid,Customer 54,40,Female,Single,Salaried,Low,497,Houston,IL
L0129,C0054,Business,13587,60,7.5,2022-10-15,2022-11-14,Property,R0305,2024-03-27,2024-03-31,758.0,49.0,Paid,Customer 54,40,Female,Single,Salaried,Low,497,Houston,IL
L0129,C0054,Business,13587,60,7.5,2022-10-15,2022-11-14,Property,R0360,2024-03-10,2024-03-05,1269.0,0.0,Unpaid,Customer 54,40,Female,Single,Salaried,Low,497,Houston,IL
L0130,C0083,Vehicle,24827,60,5.0,2024-02-14,2024-03-15,Vehicle,R0243,2024-03-13,2024-03-14,686.0,80.0,Paid,Customer 83,60,Male,Single,Self-employed,High,562,Chicago,CA
L0130,C0083,Vehicle,24827,60,5.0,2024-02-14,2024-03-15,Vehicle,R0387,2024-03-12,2024-03-14,912.0,81.0,Unpaid,Customer 83,60,Male,Single,Self-employed,High,562,Chicago,CA
L0131,C0016,Mortgage,5996,24,10.0,2022-10-27,2022-11-26,Property,R0159,2024-03-30,2024-03-28,1629.0,0.0,Paid,Customer 16,22,Female,Widowed,Unemployed,Medium,841,Chicago,AZ
L0131,C0016,Mortgage,5996,24,10.0,2022-10-27,2022-11-26,Property,R0181,2024-03-16,2024-03-13,895.0,0.0,Paid,Customer 16,22,Female,Widowed,Unemployed,Medium,841,Chicago,AZ
L0131,C0016,Mortgage,5996,24,10.0,2022-10-27,2022-11-26,Property,R0236,2024-03-22,2024-03-26,486.0,95.0,Paid,Customer 16,22,Female,Widowed,Unemployed,Medium,841,Chicago,AZ
L0132,C0019,Vehicle,6510,24,12.5,2022-10-30,2022-11-29,Property,R0035,2024-03-26,2024-03-27,771.0,11.0,Paid,Customer 19,50,Male,Divorced,Unemployed,High,503,Los Angeles,IL
L0132,C0019,Vehicle,6510,24,12.5,2022-10-30,2022-11-29,Property,R0201,2024-03-20,2024-03-19,1943.0,0.0,Paid,Customer 19,50,Male,Divorced,Unemployed,High,503,Los Angeles,IL
L0132,C0019,Vehicle,6510,24,12.5,2022-10-30,2022-11-29,Property,R0382,2024-03-27,2024-03-22,1720.0,0.0,Paid,Customer 19,50,Male,Divorced,Unemployed,High,503,Los Angeles,IL
L0133,C0054,Personal,26482,60,10.0,2024-03-11,2024-04-10,None,R0168,2024-03-15,2024-03-13,457.0,0.0,Paid,Customer 54,40,Female,Single,Salaried,Low,497,Houston,IL
L0133,C0054,Personal,26482,60,10.0,2024-03-11,2024-04-10,None,R0222,2024-03-20,2024-03-18,1492.0,0.0,Paid,Customer 54,40,Female,Single,Salaried,Low,497,Houston,IL
L0133,C0054,Personal,26482,60,10.0,2024-03-11,2024-04-10,None,R0253,2024-03-27,2024-03-30,1703.0,92.0,Paid,Customer 54,40,Female,Single,Salaried,Low,497,Houston,IL
L0133,C0054,Personal,26482,60,10.0,2024-03-11,2024-04-10,None,R0266,2024-04-02,2024-03-31,194.0,0.0,Unpaid,Customer 54,40,Female,Single,Salaried,Low,497,Houston,IL
L0134,C0011,Mortgage,15215,12,10.0,2023-03-09,2023-04-08,None,R0136,2024-03-31,2024-04-04,447.0,87.0,Paid,Customer 11,32,Female,Married,Salaried,Low,623,Houston,IL
L0134,C0011,Mortgage,15215,12,10.0,2023-03-09,2023-04-08,None,R0368,2024-03-19,2024-03-23,1700.0,53.0,Paid,Customer 11,32,Female,Married,Salaried,Low,623,Houston,IL
L0135,C0043,Business,9517,12,10.0,2022-06-12,2022-07-12,Property,R0030,2024-03-18,2024-03-21,1111.0,17.0,Unpaid,Customer 43,63,Female,Married,Unemployed,High,606,New York,CA
L0135,C0043,Business,9517,12,10.0,2022-06-12,2022-07-12,Property,R0076,2024-03-17,2024-03-18,752.0,89.0,Paid,Customer 43,63,Female,Married,Unemployed,High,606,New York,CA
L0136,C0018,Vehicle,29899,60,5.0,2022-04-26,2022-05-26,None,R0060,2024-03-21,2024-03-22,360.0,93.0,Unpaid,Customer 18,28,Female,Married,Unemployed,High,569,Phoenix,CA
L0136,C0018,Vehicle,29899,60,5.0,2022-04-26,2022-05-26,None,R0115,2024-03-11,2024-03-07,1982.0,0.0,Paid,Customer 18,28,Female,Married,Unemployed,High,569,Phoenix,CA
L0136,C0018,Vehicle,29899,60,5.0,2022-04-26,2022-05-26,None,R0176,2024-03-11,2024-03-13,1408.0,40.0,Paid,Customer 18,28,Female,Married,Unemployed,High,569,Phoenix,CA
L0137,C0033,Business,10298,60,12.5,2024-03-19,2024-04-18,None,R0089,2024-03-26,2024-03-28,1428.0,45.0,Paid,Customer 33,28,Female,Widowed,Self-employed,Low,710,New York,CA
L0138,C0031,Mortgage,8485,12,7.5,2023-06-17,2023-07-17,Property,,,,,,,Customer 31,46,Male,Widowed,Salaried,Medium,773,Los Angeles,NY
L0139,C0080,Vehicle,4616,12,12.5,2022-06-23,2022-07-23,Vehicle,R0069,2024-03-24,2024-03-22,544.0,0.0,Paid,Customer 80,47,Female,Divorced,Self-employed,Medium,731,Chicago,NY
L0139,C0080,Vehicle,4616,12,12.5,2022-06-23,2022-07-23,Vehicle,R0099,2024-03-23,2024-03-20,1414.0,0.0,Unpaid,Customer 80,47,Female,Divorced,Self-employed,Medium,731,Chicago,NY
L0139,C0080,Vehicle,4616,12,12.5,2022-06-23,2022-07-23,Vehicle,R0192,2024-03-21,2024-03-21,1784.0,0.0,Paid,Customer 80,47,Female,Divorced,Self-employed,Medium,731,Chicago,NY
L0139,C0080,Vehicle,4616,12,12.5,2022-06-23,2022-07-23,Vehicle,R0315,2024-03-13,2024-03-15,732.0,22.0,Paid,Customer 80,47,Female,Divorced,Self-employed,Medium,731,Chicago,NY
L0140,C0003,Business,47590,24,10.0,2022-10-07,2022-11-06,Property,R0008,2024-03-21,2024-03-21,825.0,0.0,Paid,Customer 3,31,Male,Married,Unemployed,Low,729,Los Angeles,TX
L0140,C0003,Business,47590,24,10.0,2022-10-07,2022-11-06,Property,R0117,2024-03-17,2024-03-16,1254.0,0.0,Paid,Customer 3,31,Male,Married,Unemployed,Low,729,Los Angeles,TX
L0140,C0003,Business,47590,24,10.0,2022-10-07,2022-11-06,Property,R0154,2024-03-11,2024-03-12,175.0,46.0,Paid,Customer 3,31,Male,Married,Unemployed,Low,729,Los Angeles,TX
L0140,C0003,Business,47590,24,10.0,2022-10-07,2022-11-06,Property,R0193,2024-03-14,2024-03-16,547.0,54.0,Paid,Customer 3,31,Male,Married,Unemployed,Low,729,Los Angeles,TX
L0140,C0003,Business,47590,24,10.0,2022-10-07,2022-11-06,Property,R0303,2024-03-31,2024-04-05,1727.0,2.0,Unpaid,Customer 3,31,Male,Married,Unemployed,Low,729,Los Angeles,TX
L0140,C0003,Business,47590,24,10.0,2022-10-07,2022-11-06,Property,R0336,2024-03-26,2024-03-26,868.0,0.0,Paid,Customer 3,31,Male,Married,Unemployed,Low,729,Los Angeles,TX
L0141,C0079,Mortgage,16265,60,12.5,2024-04-06,2024-05-06,None,R0212,2024-03-29,2024-03-29,1283.0,0.0,Paid,Customer 79,26,Female,Single,Salaried,Medium,688,Chicago,CA
L0142,C0086,Personal,34807,36,5.0,2022-05-28,2022-06-27,Vehicle,R0088,2024-03-26,2024-03-24,758.0,0.0,Paid,Customer 86,24,Female,Married,Unemployed,Low,655,Phoenix,TX
L0142,C0086,Personal,34807,36,5.0,2022-05-28,2022-06-27,Vehicle,R0262,2024-03-09,2024-03-04,1744.0,0.0,Unpaid,Customer 86,24,Female,Married,Unemployed,Low,655,Phoenix,TX
L0143,C0065,Personal,26088,48,5.0,2022-09-28,2022-10-28,Vehicle,R0132,2024-03-25,2024-03-27,1236.0,65.0,Paid,Customer 65,61,Female,Single,Salaried,Low,325,New York,CA
L0143,C0065,Personal,26088,48,5.0,2022-09-28,2022-10-28,Vehicle,R0366,2024-04-05,2024-04-06,913.0,70.0,Paid,Customer 65,61,Female,Single,Salaried,Low,325,New York,CA
L0144,C0048,Mortgage,49476,12,10.0,2023-03-08,2023-04-07,None,R0006,2024-03-22,2024-03-20,765.0,0.0,Unpaid,Customer 48,53,Male,Married,Salaried,High,452,Phoenix,NY
L0144,C0048,Mortgage,49476,12,10.0,2023-03-08,2023-04-07,None,R0186,2024-03-12,2024-03-13,1135.0,83.0,Paid,Customer 48,53,Male,Married,Salaried,High,452,Phoenix,NY
L0144,C0048,Mortgage,49476,12,10.0,2023-03-08,2023-04-07,None,R0399,2024-03-17,2024-03-17,1425.0,0.0,Paid,Customer 48,53,Male,Married,Salaried,High,452,Phoenix,NY
L0145,C0031,Personal,38635,36,7.5,2023-04-20,2023-05-20,None,R0047,2024-03-27,2024-03-23,329.0,0.0,Paid,Customer 31,46,Male,Widowed,Salaried,Medium,773,Los Angeles,NY
L0145,C0031,Personal,38635,36,7.5,2023-04-20,2023-05-20,None,R0110,2024-03-26,2024-03-28,598.0,89.0,Paid,Customer 31,46,Male,Widowed,Salaried,Medium,773,Los Angeles,NY
L0145,C0031,Personal,38635,36,7.5,2023-04-20,2023-05-20,None,R0190,2024-03-14,2024-03-16,1620.0,98.0,Paid,Customer 31,46,Male,Widowed,Salaried,Medium,773,Los Angeles,NY
L0145,C0031,Personal,38635,36,7.5,2023-04-20,2023-05-20,None,R0370,2024-04-04,2024-03-31,1696.0,0.0,Paid,Customer 31,46,Male,Widowed,Salaried,Medium,773,Los Angeles,NY
L0146,C0070,Mortgage,42626,24,12.5,2023-04-13,2023-05-13,Vehicle,R0199,2024-03-13,2024-03-08,818.0,0.0,Paid,Customer 70,46,Male,Widowed,Self-employed,Medium,553,Chicago,AZ
L0146,C0070,Mortgage,42626,24,12.5,2023-04-13,2023-05-13,Vehicle,R0258,2024-04-06,2024-04-08,441.0,47.0,Paid,Customer 70,46,Male,Widowed,Self-employed,Medium,553,Chicago,AZ
L0146,C0070,Mortgage,42626,24,12.5,2023-04-13,2023-05-13,Vehicle,R0369,2024-04-03,2024-03-31,1304.0,0.0,Paid,Customer 70,46,Male,Widowed,Self-employed,Medium,553,Chicago,AZ
L0147,C0081,Business,9337,12,12.5,2022-12-04,2023-01-03,None,R0259,2024-03-14,2024-03-10,1480.0,0.0,Paid,Customer 81,48,Male,Married,Self-employed,Low,370,New York,NY
L0147,C0081,Business,9337,12,12.5,2022-12-04,2023-01-03,None,R0372,2024-03-18,2024-03-20,1347.0,60.0,Paid,Customer 81,48,Male,Married,Self-employed,Low,370,New York,NY
L0148,C0026,Personal,13572,12,10.0,2023-06-12,2023-07-12,Property,,,,,,,Customer 26,18,Male,Married,Salaried,Low,332,Chicago,NY
L0149,C0051,Vehicle,17101,12,7.5,2022-10-28,2022-11-27,Property,,,,,,,Customer 51,57,Male,Single,Salaried,Low,722,New York,CA
L0150,C0100,Personal,43474,36,10.0,2023-04-08,2023-05-08,None,,,,,,,Customer 100,62,Male,Widowed,Salaried,Low,591,Houston,TX
L0151,C0056,Vehicle,49213,48,12.5,2023-03-28,2023-04-27,Property,R0161,2024-03-14,2024-03-19,1514.0,64.0,Paid,Customer 56,39,Male,Married,Self-employed,Low,571,New York,NY
L0151,C0056,Vehicle,49213,48,12.5,2023-03-28,2023-04-27,Property,R0177,2024-03-19,2024-03-20,333.0,44.0,Paid,Customer 56,39,Male,Married,Self-employed,Low,571,New York,NY
L0151,C0056,Vehicle,49213,48,12.5,2023-03-28,2023-04-27,Property,R0322,2024-03-17,2024-03-18,306.0,43.0,Paid,Customer 56,39,Male,Married,Self-employed,Low,571,New York,NY
L0152,C0064,Vehicle,24574,60,10.0,2023-09-29,2023-10-29,None,R0179,2024-03-29,2024-04-02,273.0,86.0,Paid,Customer 64,68,Male,Married,Self-employed,High,643,New York,CA
L0153,C0011,Vehicle,39982,24,10.0,2023-01-29,2023-02-28,Property,R0143,2024-03-25,2024-03-30,378.0,38.0,Paid,Customer 11,32,Female,Married,Salaried,Low,623,Houston,IL
L0153,C0011,Vehicle,39982,24,10.0,2023-01-29,2023-02-28,Property,R0155,2024-03-13,2024-03-16,1406.0,10.0,Paid,Customer 11,32,Female,Married,Salaried,Low,623,Houston,IL
L0153,C0011,Vehicle,39982,24,10.0,2023-01-29,2023-02-28,Property,R0306,2024-04-07,2024-04-07,548.0,0.0,Paid,Customer 11,32,Female,Married,Salaried,Low,623,Houston,IL
L0154,C0011,Mortgage,43814,36,10.0,2023-12-24,2024-01-23,Property,,,,,,,Customer 11,32,Female,Married,Salaried,Low,623,Houston,IL
L0155,C0092,Vehicle,11421,48,10.0,2022-07-30,2022-08-29,Property,R0083,2024-03-26,2024-03-31,1334.0,5.0,Unpaid,Customer 92,35,Female,Married,Unemployed,Low,387,Los Angeles,TX
L0156,C0094,Mortgage,40794,48,10.0,2024-02-24,2024-03-25,Vehicle,,,,,,,Customer 94,23,Female,Single,Self-employed,High,549,Chicago,AZ
L0157,C0010,Vehicle,24309,60,7.5,2024-02-09,2024-03-10,None,R0034,2024-04-01,2024-03-29,1853.0,0.0,Paid,Customer 10,56,Male,Single,Salaried,Medium,688,Chicago,AZ
L0158,C0078,Vehicle,2780,24,5.0,2023-11-13,2023-12-13,None,R0245,2024-03-21,2024-03-24,412.0,35.0,Paid,Customer 78,52,Male,Widowed,Unemployed,High,327,New York,TX
L0159,C0047,Mortgage,25590,60,5.0,2022-06-17,2022-07-17,Vehicle,R0108,2024-03-31,2024-03-29,1178.0,0.0,Paid,Customer 47,39,Male,Divorced,Salaried,High,752,Phoenix,TX
L0160,C0087,Vehicle,24811,36,12.5,2023-11-02,2023-12-02,None,,,,,,,Customer 87,60,Female,Married,Unemployed,High,649,New York,TX
L0161,C0018,Mortgage,26585,36,10.0,2022-08-29,2022-09-28,None,R0214,2024-04-06,2024-04-02,1705.0,0.0,Paid,Customer 18,28,Female,Married,Unemployed,High,569,Phoenix,CA
L0161,C0018,Mortgage,26585,36,10.0,2022-08-29,2022-09-28,None,R0229,2024-03-27,2024-03-25,1632.0,0.0,Paid,Customer 18,28,Female,Married,Unemployed,High,569,Phoenix,CA
L0161,C0018,Mortgage,26585,36,10.0,2022-08-29,2022-09-28,None,R0364,2024-03-25,2024-03-23,402.0,0.0,Paid,Customer 18,28,Female,Married,Unemployed,High,569,Phoenix,CA
L0162,C0004,Business,33205,60,12.5,2023-12-13,2024-01-12,Vehicle,R0293,2024-03-27,2024-04-01,1420.0,10.0,Paid,Customer 4,55,Female,Married,Salaried,High,732,Chicago,IL
L0163,C0034,Mortgage,46639,48,7.5,2023-12-09,2024-01-08,Vehicle,R0247,2024-03-26,2024-03-30,1663.0,83.0,Paid,Customer 34,42,Male,Widowed,Self-employed,Medium,592,Houston,AZ
L0164,C0089,Vehicle,13618,12,7.5,2023-06-20,2023-07-20,None,R0020,2024-03-22,2024-03-20,576.0,0.0,Paid,Customer 89,29,Female,Widowed,Self-employed,Medium,574,Chicago,CA
L0164,C0089,Vehicle,13618,12,7.5,2023-06-20,2023-07-20,None,R0042,2024-03-16,2024-03-12,1976.0,0.0,Unpaid,Customer 89,29,Female,Widowed,Self-employed,Medium,574,Chicago,CA
L0164,C0089,Vehicle,13618,12,7.5,2023-06-20,2023-07-20,None,R0113,2024-03-23,2024-03-18,119.0,0.0,Paid,Customer 89,29,Female,Widowed,Self-employed,Medium,574,Chicago,CA
L0164,C0089,Vehicle,13618,12,7.5,2023-06-20,2023-07-20,None,R0238,2024-03-31,2024-04-02,1316.0,9.0,Paid,Customer 89,29,Female,Widowed,Self-employed,Medium,574,Chicago,CA
L0164,C0089,Vehicle,13618,12,7.5,2023-06-20,2023-07-20,None,R0332,2024-04-05,2024-04-10,1593.0,42.0,Paid,Customer 89,29,Female,Widowed,Self-employed,Medium,574,Chicago,CA
L0165,C0023,Vehicle,6253,36,10.0,2023-01-01,2023-01-31,Vehicle,R0009,2024-03-11,2024-03-16,1745.0,88.0,Paid,Customer 23,34,Female,Single,Unemployed,High,505,Chicago,TX
L0165,C0023,Vehicle,6253,36,10.0,2023-01-01,2023-01-31,Vehicle,R0227,2024-03-11,2024-03-08,1486.0,0.0,Paid,Customer 23,34,Female,Single,Unemployed,High,505,Chicago,TX
L0165,C0023,Vehicle,6253,36,10.0,2023-01-01,2023-01-31,Vehicle,R0302,2024-03-25,2024-03-23,1911.0,0.0,Paid,Customer 23,34,Female,Single,Unemployed,High,505,Chicago,TX
L0166,C0071,Mortgage,20157,24,7.5,2024-02-01,2024-03-02,Property,R0032,2024-04-02,2024-04-04,626.0,91.0,Paid,Customer 71,49,Male,Divorced,Self-employed,Low,592,Los Angeles,IL
L0166,C0071,Mortgage,20157,24,7.5,2024-02-01,2024-03-02,Property,R0157,2024-04-06,2024-04-10,1487.0,82.0,Paid,Customer 71,49,Male,Divorced,Self-employed,Low,592,Los Angeles,IL
L0166,C0071,Mortgage,20157,24,7.5,2024-02-01,2024-03-02,Property,R0233,2024-03-31,2024-03-30,272.0,0.0,Paid,Customer 71,49,Male,Divorced,Self-employed,Low,592,Los Angeles,IL
L0166,C0071,Mortgage,20157,24,7.5,2024-02-01,2024-03-02,Property,R0380,2024-03-25,2024-03-29,282.0,24.0,Paid,Customer 71,49,Male,Divorced,Self-employed,Low,592,Los Angeles,IL
L0167,C0029,Personal,13671,24,7.5,2022-11-04,2022-12-04,Property,R0025,2024-03-09,2024-03-05,1275.0,0.0,Paid,Customer 29,60,Female,Divorced,Self-employed,Medium,778,New York,NY
L0167,C0029,Personal,13671,24,7.5,2022-11-04,2022-12-04,Property,R0219,2024-03-27,2024-04-01,438.0,6.0,Paid,Customer 29,60,Female,Divorced,Self-employed,Medium,778,New York,NY
L0167,C0029,Personal,13671,24,7.5,2022-11-04,2022-12-04,Property,R0337,2024-03-23,2024-03-27,1652.0,87.0,Paid,Customer 29,60,Female,Divorced,Self-employed,Medium,778,New York,NY
L0168,C0047,Mortgage,31131,60,7.5,2024-03-12,2024-04-11,Vehicle,R0023,2024-04-02,2024-04-03,1903.0,60.0,Paid,Customer 47,39,Male,Divorced,Salaried,High,752,Phoenix,TX
L0168,C0047,Mortgage,31131,60,7.5,2024-03-12,2024-04-11,Vehicle,R0096,2024-03-23,2024-03-26,1502.0,43.0,Paid,Customer 47,39,Male,Divorced,Salaried,High,752,Phoenix,TX
L0168,C0047,Mortgage,31131,60,7.5,2024-03-12,2024-04-11,Vehicle,R0111,2024-03-17,2024-03-13,1857.0,0.0,Paid,Customer 47,39,Male,Divorced,Salaried,High,752,Phoenix,TX
L0168,C0047,Mortgage,31131,60,7.5,2024-03-12,2024-04-11,Vehicle,R0203,2024-04-06,2024-04-05,359.0,0.0,Paid,Customer 47,39,Male,Divorced,Salaried,High,752,Phoenix,TX
L0168,C0047,Mortgage,31131,60,7.5,2024-03-12,2024-04-11,Vehicle,R0218,2024-03-30,2024-03-26,838.0,0.0,Paid,Customer 47,39,Male,Divorced,Salaried,High,752,Phoenix,TX
L0169,C0009,Mortgage,26593,48,12.5,2024-01-10,2024-02-09,Property,R0235,2024-03-16,2024-03-11,1893.0,0.0,Paid,Customer 9,58,Female,Single,Self-employed,Medium,514,Chicago,NY
L0170,C0010,Business,21276,12,12.5,2022-08-28,2022-09-27,Property,R0348,2024-04-05,2024-04-04,1380.0,0.0,Paid,Customer 10,56,Male,Single,Salaried,Medium,688,Chicago,AZ
L0171,C0067,Mortgage,8910,60,7.5,2022-05-12,2022-06-11,None,R0040,2024-03-31,2024-03-26,342.0,0.0,Paid,Customer 67,43,Male,Single,Unemployed,High,305,New York,TX
L0171,C0067,Mortgage,8910,60,7.5,2022-05-12,2022-06-11,None,R0045,2024-03-23,2024-03-26,1790.0,27.0,Paid,Customer 67,43,Male,Single,Unemployed,High,305,New York,TX
L0171,C0067,Mortgage,8910,60,7.5,2022-05-12,2022-06-11,None,R0156,2024-03-31,2024-04-05,827.0,21.0,Paid,Customer 67,43,Male,Single,Unemployed,High,305,New York,TX
L0172,C0065,Personal,8637,60,7.5,2023-01-20,2023-02-19,Property,,,,,,,Customer 65,61,Female,Single,Salaried,Low,325,New York,CA
L0173,C0021,Mortgage,46986,24,10.0,2023-10-22,2023-11-21,Vehicle,,,,,,,Customer 21,41,Female,Single,Salaried,Low,380,New York,TX
L0174,C0011,Mortgage,13364,60,10.0,2023-06-22,2023-07-22,None,R0120,2024-03-20,2024-03-21,1936.0,69.0,Paid,Customer 11,32,Female,Married,Salaried,Low,623,Houston,IL
L0174,C0011,Mortgage,13364,60,10.0,2023-06-22,2023-07-22,None,R0361,2024-03-13,2024-03-17,1370.0,18.0,Paid,Customer 11,32,Female,Married,Salaried,Low,623,Houston,IL
L0175,C0039,Personal,33436,24,7.5,2022-07-07,2022-08-06,None,R0148,2024-03-21,2024-03-18,1672.0,0.0,Paid,Customer 39,51,Female,Divorced,Salaried,High,621,Los Angeles,IL
L0176,C0080,Mortgage,37437,12,5.0,2022-06-03,2022-07-03,None,R0041,2024-04-02,2024-04-03,1129.0,90.0,Paid,Customer 80,47,Female,Divorced,Self-employed,Medium,731,Chicago,NY
L0176,C0080,Mortgage,37437,12,5.0,2022-06-03,2022-07-03,None,R0230,2024-03-25,2024-03-29,1006.0,27.0,Paid,Customer 80,47,Female,Divorced,Self-employed,Medium,731,Chicago,NY
L0176,C0080,Mortgage,37437,12,5.0,2022-06-03,2022-07-03,None,R0400,2024-03-29,2024-03-28,321.0,0.0,Paid,Customer 80,47,Female,Divorced,Self-employed,Medium,731,Chicago,NY
L0177,C0083,Mortgage,43172,24,12.5,2024-02-21,2024-03-22,Vehicle,R0004,2024-04-03,2024-04-04,517.0,52.0,Paid,Customer 83,60,Male,Single,Self-employed,High,562,Chicago,CA
L0177,C0083,Mortgage,43172,24,12.5,2024-02-21,2024-03-22,Vehicle,R0121,2024-03-14,2024-03-11,1583.0,0.0,Paid,Customer 83,60,Male,Single,Self-employed,High,562,Chicago,CA
L0177,C0083,Mortgage,43172,24,12.5,2024-02-21,2024-03-22,Vehicle,R0216,2024-03-25,2024-03-23,1962.0,0.0,Paid,Customer 83,60,Male,Single,Self-employed,High,562,Chicago,CA
L0178,C0004,Vehicle,41601,60,10.0,2022-06-23,2022-07-23,Vehicle,,,,,,,Customer 4,55,Female,Married,Salaried,High,732,Chicago,IL
L0179,C0062,Business,45391,48,10.0,2023-06-03,2023-07-03,Property,R0248,2024-04-05,2024-04-04,995.0,0.0,Paid,Customer 62,54,Female,Widowed,Unemployed,Low,611,Chicago,CA
L0180,C0089,Personal,10859,48,12.5,2024-01-24,2024-02-23,Property,R0252,2024-04-07,2024-04-04,123.0,0.0,Paid,Customer 89,29,Female,Widowed,Self-employed,Medium,574,Chicago,CA
L0180,C0089,Personal,10859,48,12.5,2024-01-24,2024-02-23,Property,R0281,2024-03-13,2024-03-14,1803.0,94.0,Paid,Customer 89,29,Female,Widowed,Self-employed,Medium,574,Chicago,CA
L0180,C0089,Personal,10859,48,12.5,2024-01-24,2024-02-23,Property,R0327,2024-04-02,2024-03-28,1273.0,0.0,Paid,Customer 89,29,Female,Widowed,Self-employed,Medium,574,Chicago,CA
L0181,C0027,Mortgage,40258,24,10.0,2022-12-19,2023-01-18,Vehicle,R0313,2024-03-20,2024-03-15,1534.0,0.0,Paid,Customer 27,50,Male,Divorced,Unemployed,Medium,519,Phoenix,CA
L0181,C0027,Mortgage,40258,24,10.0,2022-12-19,2023-01-18,Vehicle,R0342,2024-03-10,2024-03-12,163.0,55.0,Unpaid,Customer 27,50,Male,Divorced,Unemployed,Medium,519,Phoenix,CA
L0181,C0027,Mortgage,40258,24,10.0,2022-12-19,2023-01-18,Vehicle,R0386,2024-03-09,2024-03-09,507.0,0.0,Paid,Customer 27,50,Male,Divorced,Unemployed,Medium,519,Phoenix,CA
L0182,C0094,Mortgage,26630,24,10.0,2023-05-17,2023-06-16,Vehicle,R0102,2024-03-31,2024-03-27,409.0,0.0,Paid,Customer 94,23,Female,Single,Self-employed,High,549,Chicago,AZ
L0182,C0094,Mortgage,26630,24,10.0,2023-05-17,2023-06-16,Vehicle,R0149,2024-03-15,2024-03-17,529.0,56.0,Paid,Customer 94,23,Female,Single,Self-employed,High,549,Chicago,AZ
L0182,C0094,Mortgage,26630,24,10.0,2023-05-17,2023-06-16,Vehicle,R0166,2024-03-29,2024-03-24,335.0,0.0,Paid,Customer 94,23,Female,Single,Self-employed,High,549,Chicago,AZ
L0182,C0094,Mortgage,26630,24,10.0,2023-05-17,2023-06-16,Vehicle,R0197,2024-03-16,2024-03-16,1349.0,0.0,Paid,Customer 94,23,Female,Single,Self-employed,High,549,Chicago,AZ
L0183,C0014,Mortgage,16342,48,5.0,2022-09-10,2022-10-10,Property,,,,,,,Customer 14,55,Female,Divorced,Salaried,Low,821,Houston,NY
L0184,C0032,Business,6844,12,10.0,2023-01-03,2023-02-02,Property,R0021,2024-03-25,2024-03-25,1067.0,0.0,Paid,Customer 32,46,Male,Married,Unemployed,High,315,New York,CA
L0184,C0032,Business,6844,12,10.0,2023-01-03,2023-02-02,Property,R0318,2024-04-03,2024-04-03,463.0,0.0,Unpaid,Customer 32,46,Male,Married,Unemployed,High,315,New York,CA
L0185,C0054,Business,10966,36,10.0,2022-07-17,2022-08-16,None,R0001,2024-03-22,2024-03-27,1369.0,99.0,Paid,Customer 54,40,Female,Single,Salaried,Low,497,Houston,IL
L0185,C0054,Business,10966,36,10.0,2022-07-17,2022-08-16,None,R0062,2024-03-24,2024-03-29,1215.0,54.0,Paid,Customer 54,40,Female,Single,Salaried,Low,497,Houston,IL
L0185,C0054,Business,10966,36,10.0,2022-07-17,2022-08-16,None,R0094,2024-03-20,2024-03-24,955.0,37.0,Paid,Customer 54,40,Female,Single,Salaried,Low,497,Houston,IL
L0185,C0054,Business,10966,36,10.0,2022-07-17,2022-08-16,None,R0165,2024-04-04,2024-04-06,1526.0,57.0,Paid,Customer 54,40,Female,Single,Salaried,Low,497,Houston,IL
L0185,C0054,Business,10966,36,10.0,2022-07-17,2022-08-16,None,R0234,2024-03-19,2024-03-23,1344.0,36.0,Paid,Customer 54,40,Female,Single,Salaried,Low,497,Houston,IL
L0185,C0054,Business,10966,36,10.0,2022-07-17,2022-08-16,None,R0334,2024-03-30,2024-03-26,102.0,0.0,Paid,Customer 54,40,Female,Single,Salaried,Low,497,Houston,IL
L0186,C0064,Vehicle,33186,36,12.5,2023-10-27,2023-11-26,None,R0064,2024-03-30,2024-03-28,1667.0,0.0,Paid,Customer 64,68,Male,Married,Self-employed,High,643,New York,CA
L0186,C0064,Vehicle,33186,36,12.5,2023-10-27,2023-11-26,None,R0082,2024-04-05,2024-04-08,1798.0,24.0,Paid,Customer 64,68,Male,Married,Self-employed,High,643,New York,CA
L0186,C0064,Vehicle,33186,36,12.5,2023-10-27,2023-11-26,None,R0084,2024-04-01,2024-04-05,1475.0,71.0,Paid,Customer 64,68,Male,Married,Self-employed,High,643,New York,CA
L0186,C0064,Vehicle,33186,36,12.5,2023-10-27,2023-11-26,None,R0097,2024-03-12,2024-03-14,1414.0,94.0,Paid,Customer 64,68,Male,Married,Self-employed,High,643,New York,CA
L0186,C0064,Vehicle,33186,36,12.5,2023-10-27,2023-11-26,None,R0135,2024-03-26,2024-03-22,1945.0,0.0,Paid,Customer 64,68,Male,Married,Self-employed,High,643,New York,CA
L0187,C0051,Vehicle,16276,24,10.0,2024-01-06,2024-02-05,None,R0163,2024-04-05,2024-04-01,390.0,0.0,Paid,Customer 51,57,Male,Single,Salaried,Low,722,New York,CA
L0187,C0051,Vehicle,16276,24,10.0,2024-01-06,2024-02-05,None,R0365,2024-03-30,2024-03-30,1972.0,0.0,Paid,Customer 51,57,Male,Single,Salaried,Low,722,New York,CA
L0188,C0037,Vehicle,39658,48,10.0,2024-02-16,2024-03-17,Vehicle,R0209,2024-04-07,2024-04-03,1038.0,0.0,Paid,Customer 37,28,Male,Married,Salaried,Low,369,Los Angeles,TX
L0188,C0037,Vehicle,39658,48,10.0,2024-02-16,2024-03-17,Vehicle,R0323,2024-04-03,2024-03-31,994.0,0.0,Paid,Customer 37,28,Male,Married,Salaried,Low,369,Los Angeles,TX
L0188,C0037,Vehicle,39658,48,10.0,2024-02-16,2024-03-17,Vehicle,R0340,2024-03-26,2024-03-23,253.0,0.0,Paid,Customer 37,28,Male,Married,Salaried,Low,369,Los Angeles,TX
L0189,C0014,Vehicle,9277,36,10.0,2024-03-30,2024-04-29,Property,R0005,2024-03-19,2024-03-21,1589.0,7.0,Paid,Customer 14,55,Female,Divorced,Salaried,Low,821,Houston,NY
L0189,C0014,Vehicle,9277,36,10.0,2024-03-30,2024-04-29,Property,R0074,2024-03-21,2024-03-25,1966.0,22.0,Paid,Customer 14,55,Female,Divorced,Salaried,Low,821,Houston,NY
L0189,C0014,Vehicle,9277,36,10.0,2024-03-30,2024-04-29,Property,R0171,2024-03-26,2024-03-21,1357.0,0.0,Unpaid,Customer 14,55,Female,Divorced,Salaried,Low,821,Houston,NY
L0189,C0014,Vehicle,9277,36,10.0,2024-03-30,2024-04-29,Property,R0312,2024-03-20,2024-03-20,1528.0,0.0,Paid,Customer 14,55,Female,Divorced,Salaried,Low,821,Houston,NY
L0190,C0006,Vehicle,3852,60,7.5,2023-03-30,2023-04-29,Property,R0086,2024-03-09,2024-03-07,340.0,0.0,Paid,Customer 6,40,Female,Married,Unemployed,Medium,849,New York,TX
L0190,C0006,Vehicle,3852,60,7.5,2023-03-30,2023-04-29,Property,R0129,2024-03-18,2024-03-15,897.0,0.0,Paid,Customer 6,40,Female,Married,Unemployed,Medium,849,New York,TX
L0190,C0006,Vehicle,3852,60,7.5,2023-03-30,2023-04-29,Property,R0251,2024-03-29,2024-04-03,1447.0,94.0,Paid,Customer 6,40,Female,Married,Unemployed,Medium,849,New York,TX
L0190,C0006,Vehicle,3852,60,7.5,2023-03-30,2023-04-29,Property,R0269,2024-03-13,2024-03-12,1375.0,0.0,Paid,Customer 6,40,Female,Married,Unemployed,Medium,849,New York,TX
L0190,C0006,Vehicle,3852,60,7.5,2023-03-30,2023-04-29,Property,R0381,2024-03-09,2024-03-10,1092.0,97.0,Paid,Customer 6,40,Female,Married,Unemployed,Medium,849,New York,TX
L0191,C0037,Personal,25819,60,12.5,2022-09-19,2022-10-19,Vehicle,,,,,,,Customer 37,28,Male,Married,Salaried,Low,369,Los Angeles,TX
L0192,C0080,Personal,8932,12,12.5,2023-06-26,2023-07-26,Property,R0254,2024-03-27,2024-03-24,1699.0,0.0,Unpaid,Customer 80,47,Female,Divorced,Self-employed,Medium,731,Chicago,NY
L0193,C0072,Mortgage,49977,24,7.5,2023-04-26,2023-05-26,Vehicle,R0173,2024-04-01,2024-03-31,1541.0,0.0,Paid,Customer 72,39,Female,Married,Salaried,Low,536,Houston,CA
L0193,C0072,Mortgage,49977,24,7.5,2023-04-26,2023-05-26,Vehicle,R0194,2024-03-12,2024-03-17,606.0,38.0,Unpaid,Customer 72,39,Female,Married,Salaried,Low,536,Houston,CA
L0193,C0072,Mortgage,49977,24,7.5,2023-04-26,2023-05-26,Vehicle,R0202,2024-04-04,2024-04-01,1709.0,0.0,Paid,Customer 72,39,Female,Married,Salaried,Low,536,Houston,CA
L0193,C0072,Mortgage,49977,24,7.5,2023-04-26,2023-05-26,Vehicle,R0231,2024-04-04,2024-04-01,352.0,0.0,Paid,Customer 72,39,Female,Married,Salaried,Low,536,Houston,CA
L0193,C0072,Mortgage,49977,24,7.5,2023-04-26,2023-05-26,Vehicle,R0355,2024-04-06,2024-04-03,1526.0,0.0,Paid,Customer 72,39,Female,Married,Salaried,Low,536,Houston,CA
L0194,C0052,Personal,3469,12,7.5,2022-11-03,2022-12-03,Vehicle,R0061,2024-03-12,2024-03-07,146.0,0.0,Unpaid,Customer 52,65,Female,Widowed,Unemployed,High,554,Chicago,CA
L0195,C0061,Vehicle,10260,60,7.5,2023-05-02,2023-06-01,Property,R0091,2024-03-15,2024-03-17,1819.0,40.0,Unpaid,Customer 61,62,Female,Single,Salaried,Medium,688,Los Angeles,AZ
L0195,C0061,Vehicle,10260,60,7.5,2023-05-02,2023-06-01,Property,R0271,2024-03-10,2024-03-13,1730.0,31.0,Paid,Customer 61,62,Female,Single,Salaried,Medium,688,Los Angeles,AZ
L0196,C0041,Business,26252,60,10.0,2022-07-20,2022-08-19,Vehicle,R0310,2024-03-21,2024-03-16,549.0,0.0,Paid,Customer 41,57,Male,Married,Unemployed,Low,818,Chicago,CA
L0197,C0065,Vehicle,46947,60,10.0,2023-04-29,2023-05-29,Property,R0056,2024-03-25,2024-03-22,377.0,0.0,Paid,Customer 65,61,Female,Single,Salaried,Low,325,New York,CA
L0197,C0065,Vehicle,46947,60,10.0,2023-04-29,2023-05-29,Property,R0308,2024-03-22,2024-03-22,1296.0,0.0,Unpaid,Customer 65,61,Female,Single,Salaried,Low,325,New York,CA
L0198,C0048,Mortgage,44658,12,12.5,2024-03-21,2024-04-20,Vehicle,R0011,2024-03-31,2024-03-30,691.0,0.0,Paid,Customer 48,53,Male,Married,Salaried,High,452,Phoenix,NY
L0198,C0048,Mortgage,44658,12,12.5,2024-03-21,2024-04-20,Vehicle,R0241,2024-03-14,2024-03-16,249.0,2.0,Paid,Customer 48,53,Male,Married,Salaried,High,452,Phoenix,NY
L0198,C0048,Mortgage,44658,12,12.5,2024-03-21,2024-04-20,Vehicle,R0255,2024-03-15,2024-03-11,1942.0,0.0,Paid,Customer 48,53,Male,Married,Salaried,High,452,Phoenix,NY
L0199,C0093,Personal,39619,48,10.0,2023-05-28,2023-06-27,Vehicle,R0124,2024-03-19,2024-03-20,768.0,3.0,Paid,Customer 93,49,Male,Widowed,Unemployed,High,802,Houston,NY
L0199,C0093,Personal,39619,48,10.0,2023-05-28,2023-06-27,Vehicle,R0320,2024-03-16,2024-03-13,327.0,0.0,Paid,Customer 93,49,Male,Widowed,Unemployed,High,802,Houston,NY
L0199,C0093,Personal,39619,48,10.0,2023-05-28,2023-06-27,Vehicle,R0379,2024-03-15,2024-03-17,1791.0,41.0,Paid,Customer 93,49,Male,Widowed,Unemployed,High,802,Houston,NY
L0200,C0074,Business,47777,12,12.5,2022-08-24,2022-09-23,None,R0392,2024-03-11,2024-03-15,538.0,28.0,Paid,Customer 74,44,Male,Single,Self-employed,Medium,320,Phoenix,TX
